year,crime_code,name_en,level,parent_code,recorded,cleared,unsolved,clearance_rate,clearance_above_one,unsolved_share_in_level
2019,TOTAL,Total criminal offences,0,,407736,104461,303275,0.256198,f,1.000000
2019,7,Forgery offences,1,TOTAL,4042,2183,1859,0.540079,f,0.006130
2019,10,Offences against public order,1,TOTAL,4428,4349,79,0.982159,f,0.000260
2019,11,Offences under special legislation,1,TOTAL,24,19,5,0.791667,f,0.000016
2019,3,Offences against sexual freedom,1,TOTAL,2215,1714,501,0.773815,f,0.001652
2019,4,Offences against family relations,1,TOTAL,822,718,104,0.873479,f,0.000343
2019,5,Property offences,1,TOTAL,337836,47093,290743,0.139396,f,0.958678
2019,12,Other criminal offences,1,TOTAL,1004,670,334,0.667331,f,0.001101
2019,1,Offences against persons,1,TOTAL,29288,25043,4245,0.855060,f,0.013997
2019,6,Offences against public safety,1,TOTAL,7696,7279,417,0.945816,f,0.001375
2019,9,Offences against the administration of justice,1,TOTAL,4671,4534,137,0.970670,f,0.000452
2019,8,Offences against the public administration,1,TOTAL,55,38,17,0.690909,f,0.000056
2019,2,Offences against personal liberty,1,TOTAL,15655,10821,4834,0.691217,f,0.015939
2019,1.3,Domestic violence in the family setting,2,1,14907,14847,60,0.995975,f,0.000200
2019,2.1,Habitual domestic abuse,2,2,1223,1216,7,0.994276,f,0.000023
2019,2.2,Other offences against personal liberty,2,2,14432,9605,4827,0.665535,f,0.016050
2019,3.1,Sexual assault,2,3,1292,1007,285,0.779412,f,0.000948
2019,3.2,Sexual assault with penetration,2,3,455,380,75,0.835165,f,0.000249
2019,3.3,Corruption of minors,2,3,55,50,5,0.909091,f,0.000017
2019,3.4,Child pornography,2,3,108,79,29,0.731481,f,0.000096
2019,3.5,Other offences against sexual freedom,2,3,305,198,107,0.649180,f,0.000356
2019,5.1,Theft,2,5,154169,23999,130170,0.155667,f,0.432832
2019,5.2,Burglary involving forced entry,2,5,47391,4016,43375,0.084742,f,0.144228
2019,5.3,Robbery with violence or intimidation,2,5,15372,3360,12012,0.218579,f,0.039941
2019,5.4,Vehicle theft,2,5,8030,1500,6530,0.186800,f,0.021713
2019,5.5,Fraud,2,5,62020,7349,54671,0.118494,f,0.181788
2019,5.6,Criminal damage,2,5,42315,3106,39209,0.073402,f,0.130375
2019,5.7,Offences against intellectual and industrial property,2,5,202,181,21,0.896040,f,0.000070
2019,5.8,Money laundering,2,5,35,32,3,0.914286,f,0.000010
2019,5.9,Other property offences,2,5,8302,3550,4752,0.427608,f,0.015801
2019,6.1,Drug trafficking,2,6,2577,2376,201,0.922002,f,0.000668
2019,6.2,Road safety offences,2,6,4873,4709,164,0.966345,f,0.000545
2019,6.3,Other offences against public safety,2,6,246,194,52,0.788618,f,0.000173
2019,1.1,Intentional homicide and murder,2,1,110,97,13,0.881818,f,0.000043
2019,1.2,Bodily injury,2,1,13704,9687,4017,0.706874,f,0.013357
2019,1.4,Other offences against persons,2,1,567,412,155,0.726631,f,0.000515
2019,5.2.1,Theft from vehicles by forced entry,3,5.2,24125,1247,22878,0.051689,f,0.287531
2019,5.3.3,Robbery of commercial premises,3,5.3,1595,702,893,0.440125,f,0.011223
2019,5.2.3,Burglary of commercial premises,3,5.2,6462,967,5495,0.149644,f,0.069061
2019,5.3.2,Robbery in dwellings,3,5.3,871,184,687,0.211251,f,0.008634
2019,5.5.1,Computer enabled fraud,3,5.5,32841,2432,30409,0.074054,f,0.382181
2019,1.1.1,Completed intentional homicide and murder,3,1.1,32,24,8,0.750000,f,0.000101
2019,5.2.2,Domestic burglary,3,5.2,11469,1097,10372,0.095649,f,0.130356
2019,5.3.1,Street robbery,3,5.3,10896,2071,8825,0.190070,f,0.110913
2020,TOTAL,Total criminal offences,0,,310194,94485,215709,0.304600,f,1.000000
2020,3,Offences against sexual freedom,1,TOTAL,1976,1641,335,0.830466,f,0.001553
2020,4,Offences against family relations,1,TOTAL,754,668,86,0.885942,f,0.000399
2020,5,Property offences,1,TOTAL,243275,38932,204343,0.160033,f,0.947309
2020,10,Offences against public order,1,TOTAL,5673,5599,74,0.986956,f,0.000343
2020,11,Offences under special legislation,1,TOTAL,9,9,0,1.000000,f,0.000000
2020,12,Other criminal offences,1,TOTAL,871,586,285,0.672790,f,0.001321
2020,2,Offences against personal liberty,1,TOTAL,15636,11238,4398,0.718726,f,0.020389
2020,6,Offences against public safety,1,TOTAL,6933,6337,596,0.914034,f,0.002763
2020,7,Forgery offences,1,TOTAL,4584,1885,2699,0.411213,f,0.012512
2020,8,Offences against the public administration,1,TOTAL,35,20,15,0.571429,f,0.000070
2020,9,Offences against the administration of justice,1,TOTAL,4481,4366,115,0.974336,f,0.000533
2020,1,Offences against persons,1,TOTAL,25967,23204,2763,0.893596,f,0.012809
2020,6.2,Road safety offences,2,6,4270,4087,183,0.957143,f,0.000861
2020,1.1,Intentional homicide and murder,2,1,136,136,0,1.000000,f,0.000000
2020,1.2,Bodily injury,2,1,10596,7986,2610,0.753681,f,0.012286
2020,1.3,Domestic violence in the family setting,2,1,14809,14735,74,0.995003,f,0.000348
2020,1.4,Other offences against persons,2,1,426,347,79,0.814554,f,0.000372
2020,2.1,Habitual domestic abuse,2,2,1104,1099,5,0.995471,f,0.000024
2020,2.2,Other offences against personal liberty,2,2,14532,10139,4393,0.697702,f,0.020679
2020,3.1,Sexual assault,2,3,1084,938,146,0.865314,f,0.000687
2020,3.2,Sexual assault with penetration,2,3,473,433,40,0.915433,f,0.000188
2020,3.3,Corruption of minors,2,3,46,33,13,0.717391,f,0.000061
2020,3.4,Child pornography,2,3,95,57,38,0.600000,f,0.000179
2020,3.5,Other offences against sexual freedom,2,3,278,180,98,0.647482,f,0.000461
2020,5.1,Theft,2,5,92213,17530,74683,0.190103,f,0.351557
2020,5.2,Burglary involving forced entry,2,5,31715,3815,27900,0.120290,f,0.131334
2020,5.3,Robbery with violence or intimidation,2,5,10688,3305,7383,0.309225,f,0.034754
2020,5.4,Vehicle theft,2,5,6235,1426,4809,0.228709,f,0.022638
2020,5.5,Fraud,2,5,64133,6470,57663,0.100884,f,0.271438
2020,5.6,Criminal damage,2,5,31429,3002,28427,0.095517,f,0.133815
2020,5.7,Offences against intellectual and industrial property,2,5,76,56,20,0.736842,f,0.000094
2020,5.8,Money laundering,2,5,42,35,7,0.833333,f,0.000033
2020,5.9,Other property offences,2,5,6744,3293,3451,0.488286,f,0.016245
2020,6.1,Drug trafficking,2,6,2470,2101,369,0.850607,f,0.001737
2020,6.3,Other offences against public safety,2,6,193,149,44,0.772021,f,0.000207
2020,5.3.3,Robbery of commercial premises,3,5.3,1304,756,548,0.579755,f,0.007572
2020,5.3.2,Robbery in dwellings,3,5.3,633,200,433,0.315956,f,0.005983
2020,5.5.1,Computer enabled fraud,3,5.5,44139,2992,41147,0.067786,f,0.568541
2020,1.1.1,Completed intentional homicide and murder,3,1.1,38,37,1,0.973684,f,0.000014
2020,5.3.1,Street robbery,3,5.3,7362,1948,5414,0.264602,f,0.074807
2020,5.2.3,Burglary of commercial premises,3,5.2,4972,1007,3965,0.202534,f,0.054786
2020,5.2.2,Domestic burglary,3,5.2,7052,1028,6024,0.145774,f,0.083235
2020,5.2.1,Theft from vehicles by forced entry,3,5.2,15947,1106,14841,0.069355,f,0.205063
2021,TOTAL,Total criminal offences,0,,345987,104775,241212,0.302829,f,1.000000
2021,3,Offences against sexual freedom,1,TOTAL,2420,1918,502,0.792562,f,0.002081
2021,1,Offences against persons,1,TOTAL,29383,26001,3382,0.884899,f,0.014021
2021,10,Offences against public order,1,TOTAL,5747,5691,56,0.990256,f,0.000232
2021,11,Offences under special legislation,1,TOTAL,22,18,4,0.818182,f,0.000017
2021,12,Other criminal offences,1,TOTAL,848,550,298,0.648585,f,0.001235
2021,2,Offences against personal liberty,1,TOTAL,17576,12402,5174,0.705621,f,0.021450
2021,4,Offences against family relations,1,TOTAL,930,809,121,0.869892,f,0.000502
2021,5,Property offences,1,TOTAL,269675,43272,226403,0.160460,f,0.938606
2021,6,Offences against public safety,1,TOTAL,7463,6947,516,0.930859,f,0.002139
2021,7,Forgery offences,1,TOTAL,6857,2193,4664,0.319819,f,0.019336
2021,8,Offences against the public administration,1,TOTAL,60,39,21,0.650000,f,0.000087
2021,9,Offences against the administration of justice,1,TOTAL,5006,4935,71,0.985817,f,0.000294
2021,3.1,Sexual assault,2,3,1390,1109,281,0.797842,f,0.001191
2021,3.2,Sexual assault with penetration,2,3,538,484,54,0.899628,f,0.000229
2021,3.3,Corruption of minors,2,3,46,31,15,0.673913,f,0.000064
2021,3.4,Child pornography,2,3,104,76,28,0.730769,f,0.000119
2021,3.5,Other offences against sexual freedom,2,3,342,218,124,0.637427,f,0.000525
2021,6.2,Road safety offences,2,6,4759,4612,147,0.969111,f,0.000623
2021,1.2,Bodily injury,2,1,12094,8871,3223,0.733504,f,0.013658
2021,1.3,Domestic violence in the family setting,2,1,16618,16560,58,0.996510,f,0.000246
2021,1.4,Other offences against persons,2,1,540,441,99,0.816667,f,0.000420
2021,5.9,Other property offences,2,5,7543,3519,4024,0.466525,f,0.017053
2021,6.3,Other offences against public safety,2,6,202,139,63,0.688119,f,0.000267
2021,1.1,Intentional homicide and murder,2,1,131,129,2,0.984733,f,0.000008
2021,6.1,Drug trafficking,2,6,2502,2196,306,0.877698,f,0.001297
2021,2.1,Habitual domestic abuse,2,2,1284,1280,4,0.996885,f,0.000017
2021,2.2,Other offences against personal liberty,2,2,16292,11122,5170,0.682666,f,0.021909
2021,5.1,Theft,2,5,108778,19862,88916,0.182592,f,0.376799
2021,5.2,Burglary involving forced entry,2,5,33408,3631,29777,0.108687,f,0.126186
2021,5.3,Robbery with violence or intimidation,2,5,12153,3554,8599,0.292438,f,0.036440
2021,5.4,Vehicle theft,2,5,6922,1364,5558,0.197053,f,0.023553
2021,5.5,Fraud,2,5,66395,7786,58609,0.117268,f,0.248367
2021,5.6,Criminal damage,2,5,34336,3450,30886,0.100478,f,0.130886
2021,5.7,Offences against intellectual and industrial property,2,5,93,70,23,0.752688,f,0.000097
2021,5.8,Money laundering,2,5,47,36,11,0.765957,f,0.000047
2021,5.3.2,Robbery in dwellings,3,5.3,721,204,517,0.282940,f,0.006737
2021,5.3.3,Robbery of commercial premises,3,5.3,1277,737,540,0.577134,f,0.007037
2021,5.5.1,Computer enabled fraud,3,5.5,46978,3952,43026,0.084124,f,0.560687
2021,5.2.1,Theft from vehicles by forced entry,3,5.2,17229,1088,16141,0.063149,f,0.210339
2021,5.2.2,Domestic burglary,3,5.2,8243,882,7361,0.107000,f,0.095924
2021,5.2.3,Burglary of commercial premises,3,5.2,3940,949,2991,0.240863,f,0.038977
2021,1.1.1,Completed intentional homicide and murder,3,1.1,37,36,1,0.972973,f,0.000013
2021,5.3.1,Street robbery,3,5.3,8283,2122,6161,0.256187,f,0.080286
2022,TOTAL,Total criminal offences,0,,401924,116796,285128,0.290592,f,1.000000
2022,1,Offences against persons,1,TOTAL,33243,29207,4036,0.878591,f,0.014155
2022,10,Offences against public order,1,TOTAL,5479,5444,35,0.993612,f,0.000123
2022,11,Offences under special legislation,1,TOTAL,11,9,2,0.818182,f,0.000007
2022,12,Other criminal offences,1,TOTAL,983,666,317,0.677518,f,0.001112
2022,2,Offences against personal liberty,1,TOTAL,17369,12460,4909,0.717370,f,0.017217
2022,3,Offences against sexual freedom,1,TOTAL,2663,2113,550,0.793466,f,0.001929
2022,4,Offences against family relations,1,TOTAL,862,759,103,0.880510,f,0.000361
2022,5,Property offences,1,TOTAL,319089,49712,269377,0.155794,f,0.944758
2022,6,Offences against public safety,1,TOTAL,8640,8281,359,0.958449,f,0.001259
2022,7,Forgery offences,1,TOTAL,8149,2826,5323,0.346791,f,0.018669
2022,8,Offences against the public administration,1,TOTAL,59,35,24,0.593220,f,0.000084
2022,9,Offences against the administration of justice,1,TOTAL,5377,5284,93,0.982704,f,0.000326
2022,3.2,Sexual assault with penetration,2,3,613,522,91,0.851550,f,0.000326
2022,5.8,Money laundering,2,5,73,63,10,0.863014,f,0.000036
2022,5.9,Other property offences,2,5,9255,3609,5646,0.389951,f,0.020219
2022,1.4,Other offences against persons,2,1,636,500,136,0.786164,f,0.000487
2022,6.1,Drug trafficking,2,6,2984,2823,161,0.946046,f,0.000577
2022,6.2,Road safety offences,2,6,5425,5298,127,0.976590,f,0.000455
2022,6.3,Other offences against public safety,2,6,231,160,71,0.692641,f,0.000254
2022,1.3,Domestic violence in the family setting,2,1,18839,18761,78,0.995860,f,0.000279
2022,1.2,Bodily injury,2,1,13585,9766,3819,0.718881,f,0.013677
2022,1.1,Intentional homicide and murder,2,1,183,180,3,0.983607,f,0.000011
2022,3.3,Corruption of minors,2,3,43,33,10,0.767442,f,0.000036
2022,3.4,Child pornography,2,3,88,73,15,0.829545,f,0.000054
2022,3.5,Other offences against sexual freedom,2,3,341,242,99,0.709677,f,0.000355
2022,5.3,Robbery with violence or intimidation,2,5,12626,3918,8708,0.310312,f,0.031185
2022,3.1,Sexual assault,2,3,1578,1243,335,0.787706,f,0.001200
2022,2.2,Other offences against personal liberty,2,2,16186,11271,4915,0.696343,f,0.017602
2022,2.1,Habitual domestic abuse,2,2,1183,1189,0,1.005072,t,0.000000
2022,5.1,Theft,2,5,132920,23288,109632,0.175203,f,0.392613
2022,5.2,Burglary involving forced entry,2,5,39960,4379,35581,0.109585,f,0.127422
2022,5.4,Vehicle theft,2,5,7397,1611,5786,0.217791,f,0.020721
2022,5.5,Fraud,2,5,80979,9240,71739,0.114104,f,0.256911
2022,5.6,Criminal damage,2,5,35696,3450,32246,0.096649,f,0.115479
2022,5.7,Offences against intellectual and industrial property,2,5,183,154,29,0.841530,f,0.000104
2022,5.3.3,Robbery of commercial premises,3,5.3,1661,980,681,0.590006,f,0.007387
2022,1.1.1,Completed intentional homicide and murder,3,1.1,46,52,0,1.130435,t,0.000000
2022,5.2.3,Burglary of commercial premises,3,5.2,4034,1008,3026,0.249876,f,0.032825
2022,5.3.1,Street robbery,3,5.3,8560,2253,6307,0.263201,f,0.068417
2022,5.5.1,Computer enabled fraud,3,5.5,57794,4987,52807,0.086289,f,0.572837
2022,5.2.1,Theft from vehicles by forced entry,3,5.2,21974,1500,20474,0.068262,f,0.222097
2022,5.2.2,Domestic burglary,3,5.2,9518,1031,8487,0.108321,f,0.092065
2022,5.3.2,Robbery in dwellings,3,5.3,582,179,403,0.307560,f,0.004372
2023,TOTAL,Total criminal offences,0,,411782,127310,284472,0.309168,f,1.000000
2023,3,Offences against sexual freedom,1,TOTAL,3066,2495,571,0.813764,f,0.002007
2023,4,Offences against family relations,1,TOTAL,723,669,54,0.925311,f,0.000190
2023,5,Property offences,1,TOTAL,323394,55654,267740,0.172093,f,0.941182
2023,9,Offences against the administration of justice,1,TOTAL,5631,5577,54,0.990410,f,0.000190
2023,8,Offences against the public administration,1,TOTAL,42,35,7,0.833333,f,0.000025
2023,7,Forgery offences,1,TOTAL,9589,2967,6622,0.309417,f,0.023278
2023,6,Offences against public safety,1,TOTAL,8997,8745,252,0.971991,f,0.000886
2023,1,Offences against persons,1,TOTAL,34880,31088,3792,0.891284,f,0.013330
2023,10,Offences against public order,1,TOTAL,5706,5695,11,0.998072,f,0.000039
2023,11,Offences under special legislation,1,TOTAL,35,25,10,0.714286,f,0.000035
2023,12,Other criminal offences,1,TOTAL,1072,761,311,0.709888,f,0.001093
2023,2,Offences against personal liberty,1,TOTAL,18647,13599,5048,0.729286,f,0.017745
2023,3.2,Sexual assault with penetration,2,3,649,591,58,0.910632,f,0.000209
2023,1.1,Intentional homicide and murder,2,1,206,199,7,0.966019,f,0.000025
2023,1.2,Bodily injury,2,1,13662,10028,3634,0.734007,f,0.013098
2023,1.3,Domestic violence in the family setting,2,1,20263,20277,0,1.000691,t,0.000000
2023,1.4,Other offences against persons,2,1,749,584,165,0.779706,f,0.000595
2023,2.1,Habitual domestic abuse,2,2,1347,1383,0,1.026726,t,0.000000
2023,2.2,Other offences against personal liberty,2,2,17300,12216,5084,0.706127,f,0.018324
2023,3.1,Sexual assault,2,3,1804,1461,343,0.809867,f,0.001236
2023,3.3,Corruption of minors,2,3,50,35,15,0.700000,f,0.000054
2023,3.4,Child pornography,2,3,135,113,22,0.837037,f,0.000079
2023,3.5,Other offences against sexual freedom,2,3,428,295,133,0.689252,f,0.000479
2023,5.1,Theft,2,5,128366,26686,101680,0.207890,f,0.366475
2023,5.2,Burglary involving forced entry,2,5,41106,4811,36295,0.117039,f,0.130814
2023,5.3,Robbery with violence or intimidation,2,5,12015,4269,7746,0.355306,f,0.027918
2023,5.4,Vehicle theft,2,5,7061,1929,5132,0.273191,f,0.018497
2023,5.5,Fraud,2,5,90148,10272,79876,0.113946,f,0.287889
2023,5.6,Criminal damage,2,5,34276,3447,30829,0.100566,f,0.111114
2023,5.7,Offences against intellectual and industrial property,2,5,119,105,14,0.882353,f,0.000050
2023,5.8,Money laundering,2,5,81,82,0,1.012346,t,0.000000
2023,5.9,Other property offences,2,5,10222,4053,6169,0.396498,f,0.022234
2023,6.1,Drug trafficking,2,6,3389,3302,87,0.974329,f,0.000314
2023,6.2,Road safety offences,2,6,5381,5283,98,0.981788,f,0.000353
2023,6.3,Other offences against public safety,2,6,227,160,67,0.704846,f,0.000241
2023,5.3.1,Street robbery,3,5.3,8252,2526,5726,0.306108,f,0.054771
2023,5.3.2,Robbery in dwellings,3,5.3,646,214,432,0.331269,f,0.004132
2023,5.5.1,Computer enabled fraud,3,5.5,71534,5966,65568,0.083401,f,0.627175
2023,5.3.3,Robbery of commercial premises,3,5.3,1495,1020,475,0.682274,f,0.004543
2023,5.2.3,Burglary of commercial premises,3,5.2,4998,1324,3674,0.264906,f,0.035143
2023,5.2.2,Domestic burglary,3,5.2,9336,1105,8231,0.118359,f,0.078732
2023,5.2.1,Theft from vehicles by forced entry,3,5.2,21961,1522,20439,0.069305,f,0.195504
2023,1.1.1,Completed intentional homicide and murder,3,1.1,33,33,0,1.000000,f,0.000000
2024,TOTAL,Total criminal offences,0,,399088,135526,263562,0.339589,f,1.000000
2024,6,Offences against public safety,1,TOTAL,9846,9487,359,0.963538,f,0.001362
2024,1,Offences against persons,1,TOTAL,36458,32817,3641,0.900132,f,0.013814
2024,10,Offences against public order,1,TOTAL,5702,5697,5,0.999123,f,0.000019
2024,11,Offences under special legislation,1,TOTAL,45,51,0,1.133333,t,0.000000
2024,12,Other criminal offences,1,TOTAL,1099,820,279,0.746133,f,0.001059
2024,2,Offences against personal liberty,1,TOTAL,19476,14202,5274,0.729205,f,0.020010
2024,3,Offences against sexual freedom,1,TOTAL,3212,2668,544,0.830635,f,0.002064
2024,4,Offences against family relations,1,TOTAL,747,688,59,0.921017,f,0.000224
2024,5,Property offences,1,TOTAL,306730,60030,246700,0.195710,f,0.936001
2024,9,Offences against the administration of justice,1,TOTAL,5819,5756,63,0.989173,f,0.000239
2024,8,Offences against the public administration,1,TOTAL,51,35,16,0.686275,f,0.000061
2024,7,Forgery offences,1,TOTAL,9903,3275,6628,0.330708,f,0.025147
2024,3.1,Sexual assault,2,3,1940,1599,341,0.824227,f,0.001329
2024,3.2,Sexual assault with penetration,2,3,665,611,54,0.918797,f,0.000210
2024,3.3,Corruption of minors,2,3,56,39,17,0.696429,f,0.000066
2024,3.4,Child pornography,2,3,124,98,26,0.790323,f,0.000101
2024,3.5,Other offences against sexual freedom,2,3,427,321,106,0.751756,f,0.000413
2024,6.2,Road safety offences,2,6,5575,5480,95,0.982960,f,0.000370
2024,5.7,Offences against intellectual and industrial property,2,5,225,234,0,1.040000,t,0.000000
2024,5.1,Theft,2,5,117488,28434,89054,0.242016,f,0.347021
2024,5.2,Burglary involving forced entry,2,5,40866,5263,35603,0.128787,f,0.138736
2024,1.4,Other offences against persons,2,1,904,721,183,0.797566,f,0.000713
2024,5.8,Money laundering,2,5,111,124,0,1.117117,t,0.000000
2024,1.1,Intentional homicide and murder,2,1,176,178,0,1.011364,t,0.000000
2024,6.1,Drug trafficking,2,6,3845,3662,183,0.952406,f,0.000713
2024,5.9,Other property offences,2,5,10398,4209,6189,0.404789,f,0.024117
2024,2.1,Habitual domestic abuse,2,2,1326,1353,0,1.020362,t,0.000000
2024,2.2,Other offences against personal liberty,2,2,18150,12849,5301,0.707934,f,0.020657
2024,6.3,Other offences against public safety,2,6,426,345,81,0.809859,f,0.000316
2024,5.3,Robbery with violence or intimidation,2,5,11074,4181,6893,0.377551,f,0.026860
2024,5.4,Vehicle theft,2,5,6946,1931,5015,0.278002,f,0.019542
2024,5.5,Fraud,2,5,85927,11886,74041,0.138327,f,0.288519
2024,5.6,Criminal damage,2,5,33695,3768,29927,0.111827,f,0.116618
2024,1.2,Bodily injury,2,1,14141,10626,3515,0.751432,f,0.013697
2024,1.3,Domestic violence in the family setting,2,1,21237,21292,0,1.002590,t,0.000000
2024,5.2.1,Theft from vehicles by forced entry,3,5.2,23193,1999,21194,0.086190,f,0.219903
2024,5.2.2,Domestic burglary,3,5.2,8805,1090,7715,0.123793,f,0.080049
2024,5.2.3,Burglary of commercial premises,3,5.2,4518,1342,3176,0.297034,f,0.032953
2024,1.1.1,Completed intentional homicide and murder,3,1.1,21,23,0,1.095238,t,0.000000
2024,5.3.1,Street robbery,3,5.3,7613,2497,5116,0.327992,f,0.053082
2024,5.3.2,Robbery in dwellings,3,5.3,580,223,357,0.384483,f,0.003704
2024,5.3.3,Robbery of commercial premises,3,5.3,1474,1059,415,0.718453,f,0.004306
2024,5.5.1,Computer enabled fraud,3,5.5,65361,6955,58406,0.106409,f,0.606003
