ine_code,year,population,total,violent,non_violent,unclassified,crime_types_count,violent_ratio,violent_share,unclassified_share,shannon,shannon_normalised
28005,2019,195649,9844,313,3396,6135,10,0.092167,0.084389,0.623222,1.027835,0.446383
28005,2020,197562,8023,245,2334,5444,11,0.104970,0.094998,0.678549,0.965558,0.402669
28005,2021,195982,9638,359,3109,6170,11,0.115471,0.103518,0.640174,1.024673,0.427322
28005,2022,196888,10329,360,3340,6629,10,0.107784,0.097297,0.641785,1.013197,0.440026
28005,2023,199184,9785,345,2921,6519,10,0.118110,0.105634,0.666224,0.991899,0.430776
28005,2024,200702,9765,362,2833,6570,10,0.127780,0.113302,0.672811,1.003115,0.435647
28005,2025,203208,9888,309,2924,6655,11,0.105677,0.095577,0.673038,0.993520,0.414330
28006,2019,117040,5492,211,1989,3292,9,0.106083,0.095909,0.599417,1.160626,0.528223
28006,2020,118417,4292,158,1342,2792,9,0.117735,0.105333,0.650513,1.081030,0.491998
28006,2021,116589,4496,141,1600,2755,9,0.088125,0.080988,0.612767,1.124050,0.511577
28006,2022,117041,5258,159,1695,3404,9,0.093805,0.085761,0.647394,1.045276,0.475726
28006,2023,119416,5216,177,1597,3442,10,0.110833,0.099775,0.659893,1.048766,0.455473
28006,2024,121373,5490,164,1596,3730,10,0.102757,0.093182,0.679417,0.992043,0.430839
28006,2025,123342,5557,172,1572,3813,9,0.109415,0.098624,0.686162,0.983399,0.447564
28007,2019,170514,6821,310,2707,3804,9,0.114518,0.102751,0.557689,1.087935,0.495141
28007,2020,172384,5871,267,2133,3471,10,0.125176,0.111250,0.591211,1.073415,0.466178
28007,2021,170817,6981,317,2551,4113,10,0.124265,0.110530,0.589171,1.066940,0.463366
28007,2022,170296,7750,275,2943,4532,11,0.093442,0.085457,0.584774,1.016771,0.424026
28007,2023,171772,7579,279,2890,4410,9,0.096540,0.088040,0.581871,1.030557,0.469027
28007,2024,173625,6983,240,2795,3948,9,0.085868,0.079077,0.565373,1.039558,0.473123
28007,2025,175719,7234,284,3014,3936,9,0.094227,0.086113,0.544097,1.089233,0.495731
28009,2019,20611,771,19,202,550,7,0.094059,0.085973,0.713359,0.883043,0.453795
28009,2020,20864,549,15,126,408,8,0.119048,0.106383,0.743169,0.851472,0.409472
28009,2021,20749,705,17,186,502,8,0.091398,0.083744,0.712057,0.932604,0.448488
28009,2022,20767,881,15,237,629,8,0.063291,0.059524,0.713961,0.891674,0.428805
28009,2023,20991,919,22,235,662,8,0.093617,0.085603,0.720348,0.918434,0.441674
28009,2024,21167,870,36,177,657,7,0.203390,0.169014,0.755172,0.858596,0.441231
28009,2025,21144,910,19,186,705,8,0.102151,0.092683,0.774725,0.789641,0.379737
28013,2019,59607,2303,62,735,1506,10,0.084354,0.077792,0.653930,1.020927,0.443383
28013,2020,60332,2107,58,578,1471,8,0.100346,0.091195,0.698149,0.926307,0.445459
28013,2021,59833,2208,68,678,1462,9,0.100295,0.091153,0.662138,0.965304,0.439329
28013,2022,59762,2865,71,860,1934,9,0.082558,0.076262,0.675044,0.927303,0.422034
28013,2023,60668,2858,74,809,1975,10,0.091471,0.083805,0.691043,0.933692,0.405497
28013,2024,62292,2816,80,888,1848,9,0.090090,0.082645,0.656250,0.989232,0.450219
28013,2025,63040,3246,106,964,2176,9,0.109959,0.099065,0.670364,0.982535,0.447171
28014,2019,55389,3293,248,1312,1733,8,0.189024,0.158974,0.526268,1.152148,0.554066
28014,2020,56678,2246,101,514,1631,8,0.196498,0.164228,0.726180,0.935324,0.449796
28014,2021,56386,2422,119,553,1750,8,0.215190,0.177083,0.722543,0.939781,0.451939
28014,2022,57553,2964,161,900,1903,10,0.178889,0.151744,0.642038,1.027517,0.446245
28014,2023,58990,3700,185,1213,2302,9,0.152514,0.132332,0.622162,1.068129,0.486126
28014,2024,59513,3423,143,988,2292,9,0.144737,0.126437,0.669588,0.966447,0.439849
28014,2025,60419,3171,150,886,2135,8,0.169300,0.144788,0.673289,0.991815,0.476962
28015,2019,31396,2886,57,1765,1064,8,0.032295,0.031284,0.368676,0.973612,0.468208
28015,2020,32935,2342,63,1155,1124,9,0.054545,0.051724,0.479932,1.057018,0.481070
28015,2021,33687,2640,57,1433,1150,9,0.039777,0.038255,0.435606,0.991669,0.451328
28015,2022,34833,2790,66,1393,1331,9,0.047380,0.045236,0.477061,0.990018,0.450577
28015,2023,35972,2922,67,1446,1409,9,0.046335,0.044283,0.482204,1.025902,0.466908
28015,2024,37208,2446,44,1131,1271,9,0.038904,0.037447,0.519624,0.996445,0.453502
28015,2025,38075,2464,41,1194,1229,9,0.034338,0.033198,0.498782,0.990602,0.450842
28022,2019,54570,1324,22,501,801,8,0.043912,0.042065,0.604985,1.024704,0.492778
28022,2020,56734,1228,51,343,834,8,0.148688,0.129442,0.679153,0.965773,0.464439
28022,2021,59052,1742,50,496,1196,9,0.100806,0.091575,0.686567,0.940731,0.428145
28022,2022,62627,2265,63,635,1567,8,0.099213,0.090258,0.691832,0.925645,0.445141
28022,2023,64742,2459,65,594,1800,9,0.109428,0.098634,0.732005,0.879063,0.400079
28022,2024,65839,2316,47,561,1708,8,0.083779,0.077303,0.737478,0.848207,0.407901
28022,2025,66349,2496,61,576,1859,8,0.105903,0.095761,0.744792,0.828966,0.398649
28040,2019,24592,1471,58,384,1029,9,0.151042,0.131222,0.699524,0.992926,0.451900
28040,2020,25104,1173,58,317,798,10,0.182965,0.154667,0.680307,1.069950,0.464674
28040,2021,25083,1355,69,346,940,9,0.199422,0.166265,0.693727,1.049758,0.477766
28040,2022,25383,1379,71,360,948,10,0.197222,0.164733,0.687455,1.039493,0.451446
28040,2023,25866,1474,87,363,1024,9,0.239669,0.193333,0.694708,1.050237,0.477983
28040,2024,26140,1457,69,340,1048,9,0.202941,0.168704,0.719286,0.931665,0.424019
28040,2025,26350,1269,61,268,940,9,0.227612,0.185410,0.740741,0.905982,0.412330
28045,2019,50752,1978,105,577,1296,8,0.181976,0.153959,0.655207,1.033155,0.496843
28045,2020,51938,1497,78,419,1000,10,0.186158,0.156942,0.668003,1.014945,0.440785
28045,2021,52480,1557,86,418,1053,9,0.205742,0.170635,0.676301,1.053310,0.479382
28045,2022,53389,1924,52,454,1418,9,0.114537,0.102767,0.737006,0.840572,0.382561
28045,2023,55198,2470,100,715,1655,9,0.139860,0.122699,0.670040,0.979304,0.445701
28045,2024,57029,2477,93,642,1742,8,0.144860,0.126531,0.703270,0.939404,0.451758
28045,2025,58730,2623,103,716,1804,10,0.143855,0.125763,0.687762,0.960300,0.417053
28047,2019,63679,3252,211,1142,1899,8,0.184764,0.155950,0.583948,1.121257,0.539210
28047,2020,64378,2353,103,652,1598,10,0.157975,0.136424,0.679133,1.000129,0.434350
28047,2021,63825,2531,132,746,1653,9,0.176944,0.150342,0.653102,1.022934,0.465558
28047,2022,64263,3086,156,915,2015,9,0.170492,0.145658,0.652949,1.022728,0.465463
28047,2023,65657,3114,148,933,2033,9,0.158628,0.136910,0.652858,1.017871,0.463253
28047,2024,66698,3333,190,902,2241,10,0.210643,0.173993,0.672367,1.015170,0.440883
28047,2025,67274,3216,168,759,2289,9,0.221344,0.181230,0.711754,0.930142,0.423326
28049,2019,81661,3517,130,1216,2171,9,0.106908,0.096582,0.617287,1.092350,0.497150
28049,2020,81391,2913,96,879,1938,9,0.109215,0.098462,0.665294,1.009115,0.459268
28049,2021,81273,3255,99,1116,2040,9,0.088710,0.081481,0.626728,1.037355,0.472121
28049,2022,80596,3643,121,1182,2340,9,0.102369,0.092863,0.642328,1.041223,0.473881
28049,2023,80171,3388,92,1184,2112,8,0.077703,0.072100,0.623377,1.049457,0.504682
28049,2024,80760,3585,119,1253,2213,9,0.094972,0.086735,0.617294,1.064886,0.484650
28049,2025,80512,3537,115,1236,2186,8,0.093042,0.085122,0.618038,1.058973,0.509258
28058,2019,193700,6890,350,2341,4199,10,0.149509,0.130063,0.609434,1.083563,0.470585
28058,2020,194514,5196,257,1836,3103,10,0.139978,0.122790,0.597190,1.129457,0.490517
28058,2021,192233,6793,315,2161,4317,10,0.145766,0.127221,0.635507,1.057498,0.459265
28058,2022,189891,6204,263,2157,3784,9,0.121929,0.108678,0.609929,1.098801,0.500086
28058,2023,188736,6053,255,2021,3777,10,0.126175,0.112039,0.623988,1.097328,0.476563
28058,2024,190790,5952,269,1891,3792,8,0.142253,0.124537,0.637097,1.103453,0.530649
28058,2025,190076,5889,264,1853,3772,9,0.142472,0.124705,0.640516,1.078308,0.490759
28061,2019,33742,2008,58,477,1473,8,0.121593,0.108411,0.733566,0.892722,0.429309
28061,2020,34497,1705,63,352,1290,8,0.178977,0.151807,0.756598,0.859015,0.413099
28061,2021,34712,1631,68,336,1227,9,0.202381,0.168317,0.752299,0.885324,0.402928
28061,2022,34834,1639,72,295,1272,8,0.244068,0.196185,0.776083,0.827944,0.398157
28061,2023,35273,1922,93,357,1472,8,0.260504,0.206667,0.765869,0.873561,0.420094
28061,2024,36184,1821,85,317,1419,8,0.268139,0.211443,0.779242,0.821527,0.395071
28061,2025,36758,1839,64,327,1448,8,0.195719,0.163683,0.787384,0.796067,0.382827
28065,2019,183374,8471,484,3147,4840,9,0.153797,0.133297,0.571361,1.151975,0.524286
28065,2020,185180,6946,380,2360,4206,11,0.161017,0.138686,0.605528,1.112418,0.463915
28065,2021,183095,8277,451,2864,4962,10,0.157472,0.136048,0.599493,1.064608,0.462353
28065,2022,183219,8560,361,3017,5182,9,0.119655,0.106868,0.605374,1.046966,0.476495
28065,2023,185899,9112,362,2993,5757,9,0.120949,0.107899,0.631804,1.030643,0.469066
28065,2024,189906,8988,355,2812,5821,10,0.126245,0.112093,0.647641,0.991566,0.430632
28065,2025,193238,9277,312,3101,5864,10,0.100613,0.091415,0.632101,0.979841,0.425540
28073,2025,20500,2109,90,1111,908,8,0.081008,0.074938,0.430536,1.126194,0.541585
28074,2019,189861,9543,468,4324,4751,10,0.108233,0.097663,0.497852,1.137900,0.494184
28074,2020,191114,7857,361,3283,4213,9,0.109960,0.099067,0.536210,1.107340,0.503972
28074,2021,187762,8120,377,3303,4440,9,0.114139,0.102446,0.546798,1.110883,0.505584
28074,2022,186660,9088,317,3854,4917,8,0.082252,0.076001,0.541043,1.086009,0.522260
28074,2023,190665,8957,391,3856,4710,10,0.101400,0.092065,0.525846,1.142771,0.496299
28074,2024,194084,9037,320,3608,5109,9,0.088692,0.081466,0.565342,1.111721,0.505966
28074,2025,195734,8954,300,3876,4778,10,0.077399,0.071839,0.533616,1.106381,0.480495
28079,2019,3266126,252363,13432,127421,111510,11,0.105414,0.095362,0.441864,1.144301,0.477211
28079,2020,3334730,182241,10069,74491,97681,11,0.135171,0.119075,0.535999,1.139370,0.475154
28079,2021,3305408,202827,11428,85289,106110,11,0.133991,0.118159,0.523155,1.138717,0.474882
28079,2022,3280782,243401,12429,105367,125605,11,0.117959,0.105513,0.516041,1.121158,0.467559
28079,2023,3332035,248503,12549,102413,133541,11,0.122533,0.109158,0.537382,1.112790,0.464069
28079,2024,3416771,237573,11959,93634,131980,11,0.127721,0.113256,0.555535,1.113991,0.464570
28079,2025,3506730,229662,11511,86706,131445,11,0.132759,0.117200,0.572341,1.118161,0.466309
28080,2019,71826,4084,130,1907,2047,9,0.068170,0.063819,0.501224,1.173767,0.534204
28080,2020,72155,3399,93,1476,1830,9,0.063008,0.059273,0.538394,1.133348,0.515809
28080,2021,72034,3913,126,1803,1984,9,0.069884,0.065319,0.507028,1.109173,0.504806
28080,2022,72179,4584,131,1842,2611,9,0.071118,0.066396,0.569590,1.086329,0.494410
28080,2023,72548,4647,139,1482,3026,8,0.093792,0.085750,0.651173,0.975843,0.469281
28080,2024,73355,4731,141,1625,2965,8,0.086769,0.079841,0.626717,0.981470,0.471987
28080,2025,73625,4500,99,1459,2942,9,0.067855,0.063543,0.653778,0.910298,0.414294
28084,2019,23274,1368,38,357,973,8,0.106443,0.096203,0.711257,0.933165,0.448757
28084,2020,23639,1190,44,260,886,8,0.169231,0.144737,0.744538,0.897424,0.431570
28084,2021,23737,1338,40,323,975,8,0.123839,0.110193,0.728700,0.905633,0.435517
28084,2022,23897,1366,41,278,1047,8,0.147482,0.128527,0.766471,0.834082,0.401109
28084,2023,24274,1438,46,297,1095,11,0.154882,0.134111,0.761474,0.871177,0.363309
28084,2024,24659,1221,53,213,955,9,0.248826,0.199248,0.782146,0.833928,0.379537
28084,2025,25049,1352,36,289,1027,9,0.124567,0.110769,0.759615,0.830618,0.378030
28092,2019,209184,8538,479,2739,5320,11,0.174881,0.148850,0.623097,1.102485,0.459772
28092,2020,210309,7208,310,1848,5050,9,0.167749,0.143652,0.700610,0.996195,0.453388
28092,2021,209639,7811,316,2058,5437,9,0.153547,0.133109,0.696070,0.977776,0.445005
28092,2022,208761,8428,375,2325,5728,11,0.161290,0.138889,0.679639,1.013174,0.422526
28092,2023,211265,8683,333,2372,5978,10,0.140388,0.123105,0.688472,0.989963,0.429935
28092,2024,214006,8608,337,2300,5971,9,0.146522,0.127797,0.693657,0.982604,0.447202
28092,2025,214817,8151,271,2253,5627,8,0.120284,0.107369,0.690345,0.973087,0.467956
28096,2019,29298,1155,27,316,812,8,0.085443,0.078717,0.703030,0.987745,0.475005
28096,2020,29985,1131,23,250,858,9,0.092000,0.084249,0.758621,0.843657,0.383965
28096,2021,30695,1200,30,293,877,8,0.102389,0.092879,0.730833,0.923289,0.444008
28096,2022,31379,1499,47,376,1076,9,0.125000,0.111111,0.717812,0.973125,0.442888
28096,2023,31974,1558,45,342,1171,9,0.131579,0.116279,0.751605,0.884168,0.402402
28096,2024,32683,1505,32,383,1090,9,0.083551,0.077108,0.724252,0.898845,0.409082
28096,2025,33331,1500,38,405,1057,8,0.093827,0.085779,0.704667,0.962378,0.462806
28104,2019,25269,971,20,263,688,9,0.076046,0.070671,0.708548,0.977510,0.444884
28104,2020,25917,758,24,154,580,8,0.155844,0.134831,0.765172,0.881484,0.423904
28104,2021,26235,888,27,185,676,8,0.145946,0.127358,0.761261,0.866420,0.416660
28104,2022,26450,960,33,250,677,8,0.132000,0.116608,0.705208,0.966297,0.464691
28104,2023,27000,1095,37,217,841,8,0.170507,0.145669,0.768037,0.876424,0.421471
28104,2024,27238,1047,18,204,825,9,0.088235,0.081081,0.787966,0.816830,0.371755
28104,2025,27650,1043,28,205,810,8,0.136585,0.120172,0.776606,0.819346,0.394022
28106,2019,130124,6165,475,1946,3744,10,0.244090,0.196200,0.607299,1.099037,0.477306
28106,2020,133482,5321,352,1522,3447,11,0.231275,0.187834,0.647811,1.048076,0.437082
28106,2021,131689,5423,417,1566,3440,9,0.266284,0.210287,0.634335,1.072108,0.487937
28106,2022,130577,6282,475,1856,3951,11,0.255927,0.203775,0.628940,1.066319,0.444690
28106,2023,133004,6527,358,1917,4252,9,0.186750,0.157363,0.651448,0.999954,0.455099
28106,2024,134833,7701,558,2199,4944,10,0.253752,0.202394,0.641995,1.080164,0.469109
28106,2025,137471,6863,485,2131,4247,10,0.227593,0.185398,0.618826,1.099441,0.477481
28113,2019,52526,2699,123,922,1654,8,0.133406,0.117703,0.612820,1.052260,0.506030
28113,2020,53325,2089,87,590,1412,8,0.147458,0.128508,0.675921,0.963368,0.463282
28113,2021,53537,2357,130,746,1481,8,0.174263,0.148402,0.628341,1.055397,0.507538
28113,2022,54088,2898,114,1042,1742,9,0.109405,0.098616,0.601104,1.045433,0.475797
28113,2023,55208,3102,103,946,2053,9,0.108879,0.098189,0.661831,0.961373,0.437540
28113,2024,56003,3009,106,816,2087,10,0.129902,0.114967,0.693586,0.950352,0.412733
28113,2025,56651,2827,85,744,1998,9,0.114247,0.102533,0.706756,0.890479,0.405274
28115,2019,86422,3664,104,1336,2224,9,0.077844,0.072222,0.606987,1.045774,0.475952
28115,2020,87165,2664,111,956,1597,8,0.116109,0.104030,0.599474,1.097655,0.527860
28115,2021,87134,2469,89,1044,1336,9,0.085249,0.078553,0.541110,1.112222,0.506194
28115,2022,87728,2668,93,1089,1486,11,0.085399,0.078680,0.556972,1.076096,0.448767
28115,2023,88784,2412,69,908,1435,8,0.075991,0.070624,0.594942,1.081618,0.520148
28115,2024,89378,2412,59,833,1520,8,0.070828,0.066143,0.630182,1.014310,0.487780
28115,2025,89770,2499,49,847,1603,9,0.057851,0.054688,0.641457,0.948267,0.431575
28123,2019,88150,5507,178,2230,3099,9,0.079821,0.073920,0.562738,1.058255,0.481633
28123,2020,90973,4662,123,1517,3022,9,0.081081,0.075000,0.648220,0.935993,0.425989
28123,2021,92925,5195,212,1827,3156,9,0.116037,0.103973,0.607507,1.019307,0.463906
28123,2022,96690,5426,244,1972,3210,10,0.123732,0.110108,0.591596,1.048613,0.455407
28123,2023,100275,5780,227,2282,3271,9,0.099474,0.090474,0.565917,1.090552,0.496332
28123,2024,101949,5294,189,1866,3239,8,0.101286,0.091971,0.611825,1.030268,0.495454
28123,2025,103148,6164,163,2242,3759,9,0.072703,0.067775,0.609831,1.003487,0.456706
28127,2019,95814,4698,171,1965,2562,8,0.087023,0.080056,0.545338,1.106169,0.531955
28127,2020,96113,3622,142,1384,2096,8,0.102601,0.093054,0.578686,1.112601,0.535048
28127,2021,94862,3939,106,1431,2402,8,0.074074,0.068966,0.609799,1.024664,0.492759
28127,2022,95725,4411,173,1476,2762,10,0.117209,0.104912,0.626162,1.006558,0.437142
28127,2023,98086,4764,181,1579,3004,9,0.114630,0.102841,0.630563,0.996688,0.453612
28127,2024,98590,4628,139,1500,2989,9,0.092667,0.084808,0.645851,0.964491,0.438959
28127,2025,99037,4552,113,1341,3098,8,0.084265,0.077717,0.680580,0.899014,0.432334
28130,2019,39432,1855,52,749,1054,8,0.069426,0.064919,0.568194,1.105987,0.531867
28130,2020,39566,1609,46,528,1035,8,0.087121,0.080139,0.643257,1.058536,0.509048
28130,2021,39313,1808,58,578,1172,8,0.100346,0.091195,0.648230,1.048473,0.504209
28130,2022,38904,1917,68,614,1235,8,0.110749,0.099707,0.644236,1.033440,0.496980
28130,2023,38974,1833,65,620,1148,8,0.104839,0.094891,0.626296,1.005154,0.483377
28130,2024,38980,1736,46,597,1093,9,0.077052,0.071540,0.629608,1.034958,0.471030
28130,2025,39059,1724,55,555,1114,8,0.099099,0.090164,0.646172,1.014265,0.487758
28132,2023,20304,895,24,223,648,8,0.107623,0.097166,0.724022,0.855453,0.411386
28132,2024,20733,1044,38,269,737,8,0.141264,0.123779,0.705939,0.942991,0.453483
28132,2025,21010,795,24,216,555,8,0.111111,0.100000,0.698113,0.929075,0.446791
28134,2019,89276,4813,141,2284,2388,8,0.061734,0.058144,0.496156,1.089037,0.523716
28134,2020,91224,3699,116,1393,2190,10,0.083274,0.076872,0.592052,1.033720,0.448939
28134,2021,90962,3815,118,1561,2136,9,0.075593,0.070280,0.559895,1.041068,0.473811
28134,2022,91083,4253,133,1811,2309,8,0.073440,0.068416,0.542911,1.075319,0.517119
28134,2023,92734,4464,129,1773,2562,9,0.072758,0.067823,0.573925,1.036934,0.471929
28134,2024,94969,4380,135,1790,2455,10,0.075419,0.070130,0.560502,1.034084,0.449097
28134,2025,96992,4770,130,1973,2667,9,0.065890,0.061816,0.559119,1.037160,0.472032
28148,2019,131376,4691,176,1592,2923,9,0.110553,0.099548,0.623108,1.060166,0.482502
28148,2020,132853,4052,184,1148,2720,10,0.160279,0.138138,0.671273,1.003577,0.435848
28148,2021,132771,5097,187,1514,3396,10,0.123514,0.109935,0.666274,0.956101,0.415229
28148,2022,134733,5718,235,1959,3524,10,0.119959,0.107110,0.616299,1.045889,0.454224
28148,2023,137711,5449,197,1874,3378,9,0.105123,0.095123,0.619930,1.009197,0.459305
28148,2024,140626,5297,213,1791,3293,9,0.118928,0.106287,0.621673,1.028763,0.468210
28148,2025,143526,5702,228,2054,3420,9,0.111003,0.099912,0.599790,1.041969,0.474220
28152,2019,23717,1320,41,467,812,8,0.087794,0.080709,0.615152,1.073147,0.516074
28152,2020,23902,1037,24,314,699,7,0.076433,0.071006,0.674060,0.936225,0.481124
28152,2021,24122,1137,48,374,715,8,0.128342,0.113744,0.628848,1.041826,0.501013
28152,2022,24775,1166,48,368,750,9,0.130435,0.115385,0.643225,1.008027,0.458773
28152,2023,25115,1293,40,382,871,8,0.104712,0.094787,0.673627,0.971890,0.467380
28152,2024,25316,1177,40,318,819,8,0.125786,0.111732,0.695837,0.931764,0.448084
28152,2025,25433,1176,31,322,823,8,0.096273,0.087819,0.699830,0.931202,0.447813
28161,2019,75983,3526,163,907,2456,11,0.179713,0.152336,0.696540,0.995054,0.414970
28161,2020,77270,3019,180,654,2185,9,0.275229,0.215827,0.723750,0.968403,0.440739
28161,2021,77587,3443,152,824,2467,8,0.184466,0.155738,0.716526,0.926899,0.445744
28161,2022,79100,3748,170,1013,2565,9,0.167818,0.143702,0.684365,0.970452,0.441672
28161,2023,81394,4079,164,947,2968,9,0.173178,0.147615,0.727629,0.882602,0.401690
28161,2024,83507,4282,174,983,3125,8,0.177009,0.150389,0.729799,0.910282,0.437753
28161,2025,85972,3717,187,902,2628,9,0.207317,0.171717,0.707022,0.948151,0.431522
28176,2019,21445,993,33,321,639,8,0.102804,0.093220,0.643505,0.993621,0.477831
28176,2020,22115,848,19,221,608,9,0.085973,0.079167,0.716981,0.898429,0.408893
28176,2021,22580,933,39,303,591,7,0.128713,0.114035,0.633441,1.017250,0.522763
28176,2022,22845,1137,31,397,709,9,0.078086,0.072430,0.623571,0.991160,0.451096
28176,2023,23593,1102,43,381,678,8,0.112861,0.101415,0.615245,1.052929,0.506352
28176,2024,23799,943,41,286,616,8,0.143357,0.125382,0.653234,0.990283,0.476225
28176,2025,24028,927,23,350,554,7,0.065714,0.061662,0.597627,1.015478,0.521852
28181,2019,27835,1179,63,454,662,8,0.138767,0.121857,0.561493,1.210614,0.582182
28181,2020,28148,1005,51,272,682,9,0.187500,0.157895,0.678607,1.041139,0.473843
28181,2021,28030,1261,78,383,800,8,0.203655,0.169197,0.634417,1.085863,0.522190
28181,2022,28152,1404,70,432,902,8,0.162037,0.139442,0.642450,1.045512,0.502785
28181,2023,28750,1414,63,438,913,8,0.143836,0.125749,0.645686,1.055344,0.507513
28181,2024,29273,1311,51,372,888,8,0.137097,0.120567,0.677346,0.991049,0.476594
28181,2025,30127,1337,52,359,926,9,0.144847,0.126521,0.692595,0.975154,0.443812
28903,2019,47722,1270,42,437,791,8,0.096110,0.087683,0.622835,1.016077,0.488630
28903,2020,48326,1159,29,302,828,8,0.096026,0.087613,0.714409,0.869261,0.418026
28903,2021,48751,1508,48,432,1028,8,0.111111,0.100000,0.681698,0.898344,0.432012
28903,2022,50187,1476,65,500,911,8,0.130000,0.115044,0.617209,1.006924,0.484228
28903,2023,51453,1605,43,495,1067,8,0.086869,0.079926,0.664798,0.912157,0.438655
28903,2024,52932,1611,46,435,1130,8,0.105747,0.095634,0.701428,0.913806,0.439448
28903,2025,54592,1970,34,509,1427,8,0.066798,0.062615,0.724365,0.800657,0.385035
