ine_code,year,sex,population
28001,2025,T,70
28001,2024,T,68
28001,2023,T,67
28001,2022,T,62
28001,2021,T,55
28001,2020,T,68
28001,2019,T,84
28001,2025,M,39
28001,2024,M,37
28001,2023,M,34
28001,2022,M,32
28001,2021,M,26
28001,2020,M,34
28001,2019,M,44
28001,2025,F,31
28001,2024,F,31
28001,2023,F,33
28001,2022,F,30
28001,2021,F,29
28001,2020,F,34
28001,2019,F,40
28002,2025,T,4868
28002,2024,T,4863
28002,2023,T,4779
28002,2022,T,4751
28002,2021,T,4676
28002,2020,T,4721
28002,2019,T,4712
28002,2025,M,2522
28002,2024,M,2537
28002,2023,M,2483
28002,2022,M,2473
28002,2021,M,2437
28002,2020,M,2451
28002,2019,M,2438
28002,2025,F,2346
28002,2024,F,2326
28002,2023,F,2296
28002,2022,F,2278
28002,2021,F,2239
28002,2020,F,2270
28002,2019,F,2274
28003,2025,T,267
28003,2024,T,255
28003,2023,T,274
28003,2022,T,241
28003,2021,T,246
28003,2020,T,204
28003,2019,T,200
28003,2025,M,150
28003,2024,M,140
28003,2023,M,144
28003,2022,M,137
28003,2021,M,148
28003,2020,M,120
28003,2019,M,119
28003,2025,F,117
28003,2024,F,115
28003,2023,F,130
28003,2022,F,104
28003,2021,F,98
28003,2020,F,84
28003,2019,F,81
28004,2025,T,10594
28004,2024,T,10430
28004,2023,T,10322
28004,2022,T,10123
28004,2021,T,9908
28004,2020,T,9862
28004,2019,T,9470
28004,2025,M,5177
28004,2024,M,5151
28004,2023,M,5069
28004,2022,M,4972
28004,2021,M,4892
28004,2020,M,4849
28004,2019,M,4696
28004,2025,F,5417
28004,2024,F,5279
28004,2023,F,5253
28004,2022,F,5151
28004,2021,F,5016
28004,2020,F,5013
28004,2019,F,4774
28005,2025,T,203208
28005,2024,T,200702
28005,2023,T,199184
28005,2022,T,196888
28005,2021,T,195982
28005,2020,T,197562
28005,2019,T,195649
28005,2025,M,97925
28005,2024,M,96841
28005,2023,M,96342
28005,2022,M,95472
28005,2021,M,95061
28005,2020,M,96061
28005,2019,M,95234
28005,2025,F,105283
28005,2024,F,103861
28005,2023,F,102842
28005,2022,F,101416
28005,2021,F,100921
28005,2020,F,101501
28005,2019,F,100415
28006,2025,T,123342
28006,2024,T,121373
28006,2023,T,119416
28006,2022,T,117041
28006,2021,T,116589
28006,2020,T,118417
28006,2019,T,117040
28006,2025,M,58796
28006,2024,M,57849
28006,2023,M,56903
28006,2022,M,55907
28006,2021,M,55719
28006,2020,M,56554
28006,2019,M,55954
28006,2025,F,64546
28006,2024,F,63524
28006,2023,F,62513
28006,2022,F,61134
28006,2021,F,60870
28006,2020,F,61863
28006,2019,F,61086
28007,2025,T,175719
28007,2024,T,173625
28007,2023,T,171772
28007,2022,T,170296
28007,2021,T,170817
28007,2020,T,172384
28007,2019,T,170514
28007,2025,M,84155
28007,2024,M,83028
28007,2023,M,82226
28007,2022,M,81673
28007,2021,M,81998
28007,2020,M,82959
28007,2019,M,82139
28007,2025,F,91564
28007,2024,F,90597
28007,2023,F,89546
28007,2022,F,88623
28007,2021,F,88819
28007,2020,F,89425
28007,2019,F,88375
28008,2025,T,3503
28008,2024,T,3422
28008,2023,T,3408
28008,2022,T,3227
28008,2021,T,3085
28008,2020,T,2973
28008,2019,T,2838
28008,2025,M,1779
28008,2024,M,1753
28008,2023,M,1743
28008,2022,M,1653
28008,2021,M,1574
28008,2020,M,1517
28008,2019,M,1457
28008,2025,F,1724
28008,2024,F,1669
28008,2023,F,1665
28008,2022,F,1574
28008,2021,F,1511
28008,2020,F,1456
28008,2019,F,1381
28009,2025,T,21144
28009,2024,T,21167
28009,2023,T,20991
28009,2022,T,20767
28009,2021,T,20749
28009,2020,T,20864
28009,2019,T,20611
28009,2025,M,10338
28009,2024,M,10307
28009,2023,M,10279
28009,2022,M,10181
28009,2021,M,10184
28009,2020,M,10236
28009,2019,M,10106
28009,2025,F,10806
28009,2024,F,10860
28009,2023,F,10712
28009,2022,F,10586
28009,2021,F,10565
28009,2020,F,10628
28009,2019,F,10505
28010,2025,T,15686
28010,2024,T,15543
28010,2023,T,15312
28010,2022,T,15006
28010,2021,T,14959
28010,2020,T,14839
28010,2019,T,14575
28010,2025,M,7680
28010,2024,M,7620
28010,2023,M,7513
28010,2022,M,7380
28010,2021,M,7351
28010,2020,M,7277
28010,2019,M,7160
28010,2025,F,8006
28010,2024,F,7923
28010,2023,F,7799
28010,2022,F,7626
28010,2021,F,7608
28010,2020,F,7562
28010,2019,F,7415
28011,2025,T,732
28011,2024,T,697
28011,2023,T,684
28011,2022,T,648
28011,2021,T,662
28011,2020,T,609
28011,2019,T,592
28011,2025,M,363
28011,2024,M,349
28011,2023,M,337
28011,2022,M,324
28011,2021,M,330
28011,2020,M,308
28011,2019,M,296
28011,2025,F,369
28011,2024,F,348
28011,2023,F,347
28011,2022,F,324
28011,2021,F,332
28011,2020,F,301
28011,2019,F,296
28012,2025,T,1414
28012,2024,T,1392
28012,2023,T,1379
28012,2022,T,1354
28012,2021,T,1359
28012,2020,T,1286
28012,2019,T,1271
28012,2025,M,730
28012,2024,M,728
28012,2023,M,719
28012,2022,M,702
28012,2021,M,701
28012,2020,M,667
28012,2019,M,657
28012,2025,F,684
28012,2024,F,664
28012,2023,F,660
28012,2022,F,652
28012,2021,F,658
28012,2020,F,619
28012,2019,F,614
28013,2025,T,63040
28013,2024,T,62292
28013,2023,T,60668
28013,2022,T,59762
28013,2021,T,59833
28013,2020,T,60332
28013,2019,T,59607
28013,2025,M,30706
28013,2024,M,30346
28013,2023,M,29482
28013,2022,M,29046
28013,2021,M,29126
28013,2020,M,29420
28013,2019,M,28978
28013,2025,F,32334
28013,2024,F,31946
28013,2023,F,31186
28013,2022,F,30716
28013,2021,F,30707
28013,2020,F,30912
28013,2019,F,30629
28014,2025,T,60419
28014,2024,T,59513
28014,2023,T,58990
28014,2022,T,57553
28014,2021,T,56386
28014,2020,T,56678
28014,2019,T,55389
28014,2025,M,29983
28014,2024,M,29660
28014,2023,M,29449
28014,2022,M,28729
28014,2021,M,28161
28014,2020,M,28331
28014,2019,M,27771
28014,2025,F,30436
28014,2024,F,29853
28014,2023,F,29541
28014,2022,F,28824
28014,2021,F,28225
28014,2020,F,28347
28014,2019,F,27618
28015,2025,T,38075
28015,2024,T,37208
28015,2023,T,35972
28015,2022,T,34833
28015,2021,T,33687
28015,2020,T,32935
28015,2019,T,31396
28015,2025,M,18835
28015,2024,M,18439
28015,2023,M,17885
28015,2022,M,17313
28015,2021,M,16775
28015,2020,M,16419
28015,2019,M,15701
28015,2025,F,19240
28015,2024,F,18769
28015,2023,F,18087
28015,2022,F,17520
28015,2021,F,16912
28015,2020,F,16516
28015,2019,F,15695
28016,2025,T,110
28016,2024,T,107
28016,2023,T,104
28016,2022,T,107
28016,2021,T,109
28016,2020,T,90
28016,2019,T,89
28016,2025,M,61
28016,2024,M,57
28016,2023,M,60
28016,2022,M,60
28016,2021,M,62
28016,2020,M,47
28016,2019,M,48
28016,2025,F,49
28016,2024,F,50
28016,2023,F,44
28016,2022,F,47
28016,2021,F,47
28016,2020,F,43
28016,2019,F,41
28017,2025,T,1976
28017,2024,T,1943
28017,2023,T,1872
28017,2022,T,1823
28017,2021,T,1820
28017,2020,T,1750
28017,2019,T,1684
28017,2025,M,1016
28017,2024,M,1010
28017,2023,M,966
28017,2022,M,941
28017,2021,M,924
28017,2020,M,887
28017,2019,M,861
28017,2025,F,960
28017,2024,F,933
28017,2023,F,906
28017,2022,F,882
28017,2021,F,896
28017,2020,F,863
28017,2019,F,823
28018,2025,T,6737
28018,2024,T,6573
28018,2023,T,6277
28018,2022,T,6197
28018,2021,T,6108
28018,2020,T,5875
28018,2019,T,5714
28018,2025,M,3327
28018,2024,M,3255
28018,2023,M,3128
28018,2022,M,3085
28018,2021,M,3042
28018,2020,M,2951
28018,2019,M,2877
28018,2025,F,3410
28018,2024,F,3318
28018,2023,F,3149
28018,2022,F,3112
28018,2021,F,3066
28018,2020,F,2924
28018,2019,F,2837
28019,2025,T,1955
28019,2024,T,1917
28019,2023,T,1840
28019,2022,T,1769
28019,2021,T,1751
28019,2020,T,1683
28019,2019,T,1664
28019,2025,M,1010
28019,2024,M,995
28019,2023,M,950
28019,2022,M,910
28019,2021,M,902
28019,2020,M,869
28019,2019,M,865
28019,2025,F,945
28019,2024,F,922
28019,2023,F,890
28019,2022,F,859
28019,2021,F,849
28019,2020,F,814
28019,2019,F,799
28021,2025,T,795
28021,2024,T,816
28021,2023,T,802
28021,2022,T,801
28021,2021,T,796
28021,2020,T,777
28021,2019,T,760
28021,2025,M,394
28021,2024,M,415
28021,2023,M,412
28021,2022,M,406
28021,2021,M,407
28021,2020,M,389
28021,2019,M,384
28021,2025,F,401
28021,2024,F,401
28021,2023,F,390
28021,2022,F,395
28021,2021,F,389
28021,2020,F,388
28021,2019,F,376
28020,2025,T,242
28020,2024,T,231
28020,2023,T,217
28020,2022,T,227
28020,2021,T,216
28020,2020,T,222
28020,2019,T,205
28020,2025,M,133
28020,2024,M,129
28020,2023,M,121
28020,2022,M,129
28020,2021,M,124
28020,2020,M,126
28020,2019,M,115
28020,2025,F,109
28020,2024,F,102
28020,2023,F,96
28020,2022,F,98
28020,2021,F,92
28020,2020,F,96
28020,2019,F,90
28022,2025,T,66349
28022,2024,T,65839
28022,2023,T,64742
28022,2022,T,62627
28022,2021,T,59052
28022,2020,T,56734
28022,2019,T,54570
28022,2025,M,32456
28022,2024,M,32226
28022,2023,M,31617
28022,2022,M,30630
28022,2021,M,28833
28022,2020,M,27710
28022,2019,M,26660
28022,2025,F,33893
28022,2024,F,33613
28022,2023,F,33125
28022,2022,F,31997
28022,2021,F,30219
28022,2020,F,29024
28022,2019,F,27910
28023,2025,T,8770
28023,2024,T,8547
28023,2023,T,8424
28023,2022,T,8216
28023,2021,T,8009
28023,2020,T,7663
28023,2019,T,7508
28023,2025,M,4352
28023,2024,M,4252
28023,2023,M,4201
28023,2022,M,4100
28023,2021,M,4025
28023,2020,M,3868
28023,2019,M,3757
28023,2025,F,4418
28023,2024,F,4295
28023,2023,F,4223
28023,2022,F,4116
28023,2021,F,3984
28023,2020,F,3795
28023,2019,F,3751
28024,2025,T,233
28024,2024,T,219
28024,2023,T,212
28024,2022,T,218
28024,2021,T,218
28024,2020,T,206
28024,2019,T,205
28024,2025,M,138
28024,2024,M,131
28024,2023,M,128
28024,2022,M,132
28024,2021,M,132
28024,2020,M,122
28024,2019,M,121
28024,2025,F,95
28024,2024,F,88
28024,2023,F,84
28024,2022,F,86
28024,2021,F,86
28024,2020,F,84
28024,2019,F,84
28025,2025,T,577
28025,2024,T,579
28025,2023,T,543
28025,2022,T,541
28025,2021,T,523
28025,2020,T,506
28025,2019,T,524
28025,2025,M,325
28025,2024,M,331
28025,2023,M,313
28025,2022,M,307
28025,2021,M,302
28025,2020,M,292
28025,2019,M,301
28025,2025,F,252
28025,2024,F,248
28025,2023,F,230
28025,2022,F,234
28025,2021,F,221
28025,2020,F,214
28025,2019,F,223
28026,2025,T,11287
28026,2024,T,11300
28026,2023,T,11014
28026,2022,T,10845
28026,2021,T,10726
28026,2020,T,10760
28026,2019,T,10736
28026,2025,M,5530
28026,2024,M,5502
28026,2023,M,5366
28026,2022,M,5335
28026,2021,M,5284
28026,2020,M,5302
28026,2019,M,5283
28026,2025,F,5757
28026,2024,F,5798
28026,2023,F,5648
28026,2022,F,5510
28026,2021,F,5442
28026,2020,F,5458
28026,2019,F,5453
28027,2025,T,2034
28027,2024,T,1973
28027,2023,T,1967
28027,2022,T,1948
28027,2021,T,1940
28027,2020,T,1959
28027,2019,T,1884
28027,2025,M,989
28027,2024,M,957
28027,2023,M,957
28027,2022,M,931
28027,2021,M,930
28027,2020,M,933
28027,2019,M,898
28027,2025,F,1045
28027,2024,F,1016
28027,2023,F,1010
28027,2022,F,1017
28027,2021,F,1010
28027,2020,F,1026
28027,2019,F,986
28028,2025,T,2870
28028,2024,T,2829
28028,2023,T,2743
28028,2022,T,2706
28028,2021,T,2701
28028,2020,T,2522
28028,2019,T,2503
28028,2025,M,1407
28028,2024,M,1378
28028,2023,M,1354
28028,2022,M,1350
28028,2021,M,1366
28028,2020,M,1277
28028,2019,M,1256
28028,2025,F,1463
28028,2024,F,1451
28028,2023,F,1389
28028,2022,F,1356
28028,2021,F,1335
28028,2020,F,1245
28028,2019,F,1247
28029,2025,T,961
28029,2024,T,941
28029,2023,T,939
28029,2022,T,874
28029,2021,T,837
28029,2020,T,785
28029,2019,T,756
28029,2025,M,495
28029,2024,M,483
28029,2023,M,490
28029,2022,M,453
28029,2021,M,433
28029,2020,M,407
28029,2019,M,392
28029,2025,F,466
28029,2024,F,458
28029,2023,F,449
28029,2022,F,421
28029,2021,F,404
28029,2020,F,378
28029,2019,F,364
28030,2025,T,2889
28030,2024,T,2922
28030,2023,T,2882
28030,2022,T,2805
28030,2021,T,2782
28030,2020,T,2736
28030,2019,T,2667
28030,2025,M,1433
28030,2024,M,1439
28030,2023,M,1413
28030,2022,M,1383
28030,2021,M,1357
28030,2020,M,1334
28030,2019,M,1313
28030,2025,F,1456
28030,2024,F,1483
28030,2023,F,1469
28030,2022,F,1422
28030,2021,F,1425
28030,2020,F,1402
28030,2019,F,1354
28031,2025,T,3372
28031,2024,T,3228
28031,2023,T,3173
28031,2022,T,3193
28031,2021,T,3203
28031,2020,T,3047
28031,2019,T,3039
28031,2025,M,1764
28031,2024,M,1682
28031,2023,M,1653
28031,2022,M,1664
28031,2021,M,1651
28031,2020,M,1572
28031,2019,M,1593
28031,2025,F,1608
28031,2024,F,1546
28031,2023,F,1520
28031,2022,F,1529
28031,2021,F,1552
28031,2020,F,1475
28031,2019,F,1446
28032,2025,T,8331
28032,2024,T,8106
28032,2023,T,7792
28032,2022,T,7595
28032,2021,T,7555
28032,2020,T,7437
28032,2019,T,7336
28032,2025,M,4267
28032,2024,M,4143
28032,2023,M,3947
28032,2022,M,3837
28032,2021,M,3799
28032,2020,M,3780
28032,2019,M,3726
28032,2025,F,4064
28032,2024,F,3963
28032,2023,F,3845
28032,2022,F,3758
28032,2021,F,3756
28032,2020,F,3657
28032,2019,F,3610
28033,2025,T,6974
28033,2024,T,6802
28033,2023,T,6781
28033,2022,T,6651
28033,2021,T,6416
28033,2020,T,6420
28033,2019,T,6210
28033,2025,M,3508
28033,2024,M,3417
28033,2023,M,3429
28033,2022,M,3365
28033,2021,M,3251
28033,2020,M,3259
28033,2019,M,3138
28033,2025,F,3466
28033,2024,F,3385
28033,2023,F,3352
28033,2022,F,3286
28033,2021,F,3165
28033,2020,F,3161
28033,2019,F,3072
28034,2025,T,475
28034,2024,T,469
28034,2023,T,460
28034,2022,T,455
28034,2021,T,461
28034,2020,T,447
28034,2019,T,447
28034,2025,M,249
28034,2024,M,242
28034,2023,M,241
28034,2022,M,242
28034,2021,M,247
28034,2020,M,242
28034,2019,M,245
28034,2025,F,226
28034,2024,F,227
28034,2023,F,219
28034,2022,F,213
28034,2021,F,214
28034,2020,F,205
28034,2019,F,202
28035,2025,T,2451
28035,2024,T,2352
28035,2023,T,2273
28035,2022,T,2210
28035,2021,T,2142
28035,2020,T,2081
28035,2019,T,2010
28035,2025,M,1253
28035,2024,M,1193
28035,2023,M,1147
28035,2022,M,1105
28035,2021,M,1076
28035,2020,M,1055
28035,2019,M,1002
28035,2025,F,1198
28035,2024,F,1159
28035,2023,F,1126
28035,2022,F,1105
28035,2021,F,1066
28035,2020,F,1026
28035,2019,F,1008
28036,2025,T,4323
28036,2024,T,4211
28036,2023,T,4062
28036,2022,T,3961
28036,2021,T,3939
28036,2020,T,3845
28036,2019,T,3778
28036,2025,M,2241
28036,2024,M,2168
28036,2023,M,2089
28036,2022,M,2032
28036,2021,M,2012
28036,2020,M,1973
28036,2019,M,1923
28036,2025,F,2082
28036,2024,F,2043
28036,2023,F,1973
28036,2022,F,1929
28036,2021,F,1927
28036,2020,F,1872
28036,2019,F,1855
28037,2025,T,2152
28037,2024,T,2148
28037,2023,T,2097
28037,2022,T,2089
28037,2021,T,2083
28037,2020,T,2038
28037,2019,T,2033
28037,2025,M,1081
28037,2024,M,1074
28037,2023,M,1049
28037,2022,M,1045
28037,2021,M,1043
28037,2020,M,1019
28037,2019,M,1004
28037,2025,F,1071
28037,2024,F,1074
28037,2023,F,1048
28037,2022,F,1044
28037,2021,F,1040
28037,2020,F,1019
28037,2019,F,1029
28038,2025,T,7772
28038,2024,T,7647
28038,2023,T,7648
28038,2022,T,7533
28038,2021,T,7359
28038,2020,T,7205
28038,2019,T,7026
28038,2025,M,3846
28038,2024,M,3767
28038,2023,M,3776
28038,2022,M,3740
28038,2021,M,3645
28038,2020,M,3551
28038,2019,M,3463
28038,2025,F,3926
28038,2024,F,3880
28038,2023,F,3872
28038,2022,F,3793
28038,2021,F,3714
28038,2020,F,3654
28038,2019,F,3563
28039,2025,T,165
28039,2024,T,161
28039,2023,T,164
28039,2022,T,169
28039,2021,T,158
28039,2020,T,162
28039,2019,T,150
28039,2025,M,94
28039,2024,M,94
28039,2023,M,95
28039,2022,M,100
28039,2021,M,96
28039,2020,M,97
28039,2019,M,92
28039,2025,F,71
28039,2024,F,67
28039,2023,F,69
28039,2022,F,69
28039,2021,F,62
28039,2020,F,65
28039,2019,F,58
28051,2025,T,2705
28051,2024,T,2642
28051,2023,T,2604
28051,2022,T,2512
28051,2021,T,2494
28051,2020,T,2414
28051,2019,T,2328
28051,2025,M,1356
28051,2024,M,1313
28051,2023,M,1292
28051,2022,M,1266
28051,2021,M,1256
28051,2020,M,1219
28051,2019,M,1181
28051,2025,F,1349
28051,2024,F,1329
28051,2023,F,1312
28051,2022,F,1246
28051,2021,F,1238
28051,2020,F,1195
28051,2019,F,1147
28052,2025,T,5800
28052,2024,T,5818
28052,2023,T,5664
28052,2022,T,5658
28052,2021,T,5506
28052,2020,T,5413
28052,2019,T,5331
28052,2025,M,2893
28052,2024,M,2917
28052,2023,M,2836
28052,2022,M,2838
28052,2021,M,2766
28052,2020,M,2733
28052,2019,M,2682
28052,2025,F,2907
28052,2024,F,2901
28052,2023,F,2828
28052,2022,F,2820
28052,2021,F,2740
28052,2020,F,2680
28052,2019,F,2649
28040,2025,T,26350
28040,2024,T,26140
28040,2023,T,25866
28040,2022,T,25383
28040,2021,T,25083
28040,2020,T,25104
28040,2019,T,24592
28040,2025,M,13173
28040,2024,M,13114
28040,2023,M,13030
28040,2022,M,12799
28040,2021,M,12652
28040,2020,M,12674
28040,2019,M,12363
28040,2025,F,13177
28040,2024,F,13026
28040,2023,F,12836
28040,2022,F,12584
28040,2021,F,12431
28040,2020,F,12430
28040,2019,F,12229
28041,2025,T,7670
28041,2024,T,7759
28041,2023,T,7698
28041,2022,T,7551
28041,2021,T,7444
28041,2020,T,7486
28041,2019,T,7428
28041,2025,M,3768
28041,2024,M,3803
28041,2023,M,3766
28041,2022,M,3697
28041,2021,M,3646
28041,2020,M,3667
28041,2019,M,3623
28041,2025,F,3902
28041,2024,F,3956
28041,2023,F,3932
28041,2022,F,3854
28041,2021,F,3798
28041,2020,F,3819
28041,2019,F,3805
28046,2025,T,7722
28046,2024,T,7547
28046,2023,T,7490
28046,2022,T,7456
28046,2021,T,7348
28046,2020,T,7105
28046,2019,T,6958
28046,2025,M,3855
28046,2024,M,3742
28046,2023,M,3722
28046,2022,M,3702
28046,2021,M,3654
28046,2020,M,3524
28046,2019,M,3441
28046,2025,F,3867
28046,2024,F,3805
28046,2023,F,3768
28046,2022,F,3754
28046,2021,F,3694
28046,2020,F,3581
28046,2019,F,3517
28047,2025,T,67274
28047,2024,T,66698
28047,2023,T,65657
28047,2022,T,64263
28047,2021,T,63825
28047,2020,T,64378
28047,2019,T,63679
28047,2025,M,32474
28047,2024,M,32270
28047,2023,M,31764
28047,2022,M,31170
28047,2021,M,30921
28047,2020,M,31210
28047,2019,M,30947
28047,2025,F,34800
28047,2024,F,34428
28047,2023,F,33893
28047,2022,F,33093
28047,2021,F,32904
28047,2020,F,33168
28047,2019,F,32732
28043,2025,T,9127
28043,2024,T,8888
28043,2023,T,8649
28043,2022,T,8462
28043,2021,T,8303
28043,2020,T,8154
28043,2019,T,8032
28043,2025,M,4612
28043,2024,M,4493
28043,2023,M,4397
28043,2022,M,4295
28043,2021,M,4189
28043,2020,M,4128
28043,2019,M,4052
28043,2025,F,4515
28043,2024,F,4395
28043,2023,F,4252
28043,2022,F,4167
28043,2021,F,4114
28043,2020,F,4026
28043,2019,F,3980
28042,2025,T,2044
28042,2024,T,2015
28042,2023,T,1947
28042,2022,T,1936
28042,2021,T,1875
28042,2020,T,1785
28042,2019,T,1725
28042,2025,M,1056
28042,2024,M,1039
28042,2023,M,1012
28042,2022,M,1020
28042,2021,M,980
28042,2020,M,923
28042,2019,M,893
28042,2025,F,988
28042,2024,F,976
28042,2023,F,935
28042,2022,F,916
28042,2021,F,895
28042,2020,F,862
28042,2019,F,832
28045,2025,T,58730
28045,2024,T,57029
28045,2023,T,55198
28045,2022,T,53389
28045,2021,T,52480
28045,2020,T,51938
28045,2019,T,50752
28045,2025,M,28945
28045,2024,M,28139
28045,2023,M,27226
28045,2022,M,26267
28045,2021,M,25888
28045,2020,M,25618
28045,2019,M,25045
28045,2025,F,29785
28045,2024,F,28890
28045,2023,F,27972
28045,2022,F,27122
28045,2021,F,26592
28045,2020,F,26320
28045,2019,F,25707
28044,2025,T,9640
28044,2024,T,9623
28044,2023,T,9534
28044,2022,T,9473
28044,2021,T,9376
28044,2020,T,9230
28044,2019,T,9130
28044,2025,M,4770
28044,2024,M,4756
28044,2023,M,4697
28044,2022,M,4652
28044,2021,M,4578
28044,2020,M,4515
28044,2019,M,4471
28044,2025,F,4870
28044,2024,F,4867
28044,2023,F,4837
28044,2022,F,4821
28044,2021,F,4798
28044,2020,F,4715
28044,2019,F,4659
28048,2025,T,832
28048,2024,T,792
28048,2023,T,798
28048,2022,T,764
28048,2021,T,742
28048,2020,T,723
28048,2019,T,713
28048,2025,M,420
28048,2024,M,396
28048,2023,M,399
28048,2022,M,384
28048,2021,M,381
28048,2020,M,374
28048,2019,M,372
28048,2025,F,412
28048,2024,F,396
28048,2023,F,399
28048,2022,F,380
28048,2021,F,361
28048,2020,F,349
28048,2019,F,341
28049,2025,T,80512
28049,2024,T,80760
28049,2023,T,80171
28049,2022,T,80596
28049,2021,T,81273
28049,2020,T,81391
28049,2019,T,81661
28049,2025,M,39022
28049,2024,M,39287
28049,2023,M,39002
28049,2022,M,39281
28049,2021,M,39711
28049,2020,M,39821
28049,2019,M,39988
28049,2025,F,41490
28049,2024,F,41473
28049,2023,F,41169
28049,2022,F,41315
28049,2021,F,41562
28049,2020,F,41570
28049,2019,F,41673
28050,2025,T,7238
28050,2024,T,6988
28050,2023,T,6817
28050,2022,T,6698
28050,2021,T,6642
28050,2020,T,6539
28050,2019,T,6413
28050,2025,M,3677
28050,2024,M,3540
28050,2023,M,3444
28050,2022,M,3352
28050,2021,M,3304
28050,2020,M,3229
28050,2019,M,3202
28050,2025,F,3561
28050,2024,F,3448
28050,2023,F,3373
28050,2022,F,3346
28050,2021,F,3338
28050,2020,F,3310
28050,2019,F,3211
28053,2025,T,10764
28053,2024,T,10703
28053,2023,T,10611
28053,2022,T,10650
28053,2021,T,10520
28053,2020,T,10337
28053,2019,T,10205
28053,2025,M,5350
28053,2024,M,5335
28053,2023,M,5293
28053,2022,M,5310
28053,2021,M,5242
28053,2020,M,5155
28053,2019,M,5079
28053,2025,F,5414
28053,2024,F,5368
28053,2023,F,5318
28053,2022,F,5340
28053,2021,F,5278
28053,2020,F,5182
28053,2019,F,5126
28054,2025,T,17171
28054,2024,T,17176
28054,2023,T,16873
28054,2022,T,16618
28054,2021,T,16594
28054,2020,T,16365
28054,2019,T,16162
28054,2025,M,8422
28054,2024,M,8447
28054,2023,M,8293
28054,2022,M,8200
28054,2021,M,8155
28054,2020,M,8067
28054,2019,M,8004
28054,2025,F,8749
28054,2024,F,8729
28054,2023,F,8580
28054,2022,F,8418
28054,2021,F,8439
28054,2020,F,8298
28054,2019,F,8158
28055,2025,T,1473
28055,2024,T,1467
28055,2023,T,1453
28055,2022,T,1410
28055,2021,T,1381
28055,2020,T,1334
28055,2019,T,1260
28055,2025,M,775
28055,2024,M,760
28055,2023,M,749
28055,2022,M,720
28055,2021,M,716
28055,2020,M,680
28055,2019,M,637
28055,2025,F,698
28055,2024,F,707
28055,2023,F,704
28055,2022,F,690
28055,2021,F,665
28055,2020,F,654
28055,2019,F,623
28056,2025,T,1883
28056,2024,T,1837
28056,2023,T,1791
28056,2022,T,1784
28056,2021,T,1742
28056,2020,T,1651
28056,2019,T,1572
28056,2025,M,957
28056,2024,M,927
28056,2023,M,905
28056,2022,M,898
28056,2021,M,878
28056,2020,M,840
28056,2019,M,797
28056,2025,F,926
28056,2024,F,910
28056,2023,F,886
28056,2022,F,886
28056,2021,F,864
28056,2020,F,811
28056,2019,F,775
28057,2025,T,2561
28057,2024,T,2548
28057,2023,T,2522
28057,2022,T,2444
28057,2021,T,2416
28057,2020,T,2299
28057,2019,T,2221
28057,2025,M,1326
28057,2024,M,1323
28057,2023,M,1327
28057,2022,M,1294
28057,2021,M,1279
28057,2020,M,1215
28057,2019,M,1164
28057,2025,F,1235
28057,2024,F,1225
28057,2023,F,1195
28057,2022,F,1150
28057,2021,F,1137
28057,2020,F,1084
28057,2019,F,1057
28058,2025,T,190076
28058,2024,T,190790
28058,2023,T,188736
28058,2022,T,189891
28058,2021,T,192233
28058,2020,T,194514
28058,2019,T,193700
28058,2025,M,92683
28058,2024,M,93178
28058,2023,M,92192
28058,2022,M,93170
28058,2021,M,94533
28058,2020,M,95847
28058,2019,M,95409
28058,2025,F,97393
28058,2024,F,97612
28058,2023,F,96544
28058,2022,F,96721
28058,2021,F,97700
28058,2020,F,98667
28058,2019,F,98291
28059,2025,T,7413
28059,2024,T,7379
28059,2023,T,7182
28059,2022,T,7034
28059,2021,T,6883
28059,2020,T,6807
28059,2019,T,6696
28059,2025,M,3765
28059,2024,M,3720
28059,2023,M,3615
28059,2022,M,3530
28059,2021,M,3470
28059,2020,M,3426
28059,2019,M,3379
28059,2025,F,3648
28059,2024,F,3659
28059,2023,F,3567
28059,2022,F,3504
28059,2021,F,3413
28059,2020,F,3381
28059,2019,F,3317
28060,2025,T,2372
28060,2024,T,2328
28060,2023,T,2270
28060,2022,T,2250
28060,2021,T,2228
28060,2020,T,2136
28060,2019,T,2053
28060,2025,M,1181
28060,2024,M,1156
28060,2023,M,1131
28060,2022,M,1139
28060,2021,M,1115
28060,2020,M,1073
28060,2019,M,1023
28060,2025,F,1191
28060,2024,F,1172
28060,2023,F,1139
28060,2022,F,1111
28060,2021,F,1113
28060,2020,F,1063
28060,2019,F,1030
28061,2025,T,36758
28061,2024,T,36184
28061,2023,T,35273
28061,2022,T,34834
28061,2021,T,34712
28061,2020,T,34497
28061,2019,T,33742
28061,2025,M,17853
28061,2024,M,17561
28061,2023,M,17119
28061,2022,M,16914
28061,2021,M,16926
28061,2020,M,16822
28061,2019,M,16470
28061,2025,F,18905
28061,2024,F,18623
28061,2023,F,18154
28061,2022,F,17920
28061,2021,F,17786
28061,2020,F,17675
28061,2019,F,17272
28062,2025,T,441
28062,2024,T,416
28062,2023,T,420
28062,2022,T,395
28062,2021,T,411
28062,2020,T,377
28062,2019,T,347
28062,2025,M,239
28062,2024,M,230
28062,2023,M,228
28062,2022,M,214
28062,2021,M,216
28062,2020,M,203
28062,2019,M,189
28062,2025,F,202
28062,2024,F,186
28062,2023,F,192
28062,2022,F,181
28062,2021,F,195
28062,2020,F,174
28062,2019,F,158
28063,2025,T,396
28063,2024,T,397
28063,2023,T,388
28063,2022,T,361
28063,2021,T,344
28063,2020,T,309
28063,2019,T,316
28063,2025,M,226
28063,2024,M,223
28063,2023,M,219
28063,2022,M,206
28063,2021,M,192
28063,2020,M,165
28063,2019,M,170
28063,2025,F,170
28063,2024,F,174
28063,2023,F,169
28063,2022,F,155
28063,2021,F,152
28063,2020,F,144
28063,2019,F,146
28064,2025,T,252
28064,2024,T,239
28064,2023,T,229
28064,2022,T,212
28064,2021,T,191
28064,2020,T,176
28064,2019,T,193
28064,2025,M,136
28064,2024,M,127
28064,2023,M,127
28064,2022,M,114
28064,2021,M,103
28064,2020,M,98
28064,2019,M,110
28064,2025,F,116
28064,2024,F,112
28064,2023,F,102
28064,2022,F,98
28064,2021,F,88
28064,2020,F,78
28064,2019,F,83
28065,2025,T,193238
28065,2024,T,189906
28065,2023,T,185899
28065,2022,T,183219
28065,2021,T,183095
28065,2020,T,185180
28065,2019,T,183374
28065,2025,M,93988
28065,2024,M,92424
28065,2023,M,90494
28065,2022,M,89393
28065,2021,M,89299
28065,2020,M,90403
28065,2019,M,89701
28065,2025,F,99250
28065,2024,F,97482
28065,2023,F,95405
28065,2022,F,93826
28065,2021,F,93796
28065,2020,F,94777
28065,2019,F,93673
28066,2025,T,10799
28066,2024,T,10718
28066,2023,T,10087
28066,2022,T,10491
28066,2021,T,10467
28066,2020,T,10435
28066,2019,T,10319
28066,2025,M,5348
28066,2024,M,5330
28066,2023,M,5008
28066,2022,M,5189
28066,2021,M,5210
28066,2020,M,5211
28066,2019,M,5157
28066,2025,F,5451
28066,2024,F,5388
28066,2023,F,5079
28066,2022,F,5302
28066,2021,F,5257
28066,2020,F,5224
28066,2019,F,5162
28067,2025,T,6993
28067,2024,T,6904
28067,2023,T,6814
28067,2022,T,6672
28067,2021,T,6594
28067,2020,T,6440
28067,2019,T,6214
28067,2025,M,3527
28067,2024,M,3479
28067,2023,M,3414
28067,2022,M,3355
28067,2021,M,3320
28067,2020,M,3253
28067,2019,M,3136
28067,2025,F,3466
28067,2024,F,3425
28067,2023,F,3400
28067,2022,F,3317
28067,2021,F,3274
28067,2020,F,3187
28067,2019,F,3078
28068,2025,T,17547
28068,2024,T,17062
28068,2023,T,17063
28068,2022,T,16921
28068,2021,T,16747
28068,2020,T,16560
28068,2019,T,16032
28068,2025,M,8586
28068,2024,M,8376
28068,2023,M,8396
28068,2022,M,8343
28068,2021,M,8275
28068,2020,M,8157
28068,2019,M,7921
28068,2025,F,8961
28068,2024,F,8686
28068,2023,F,8667
28068,2022,F,8578
28068,2021,F,8472
28068,2020,F,8403
28068,2019,F,8111
28069,2025,T,88
28069,2024,T,83
28069,2023,T,74
28069,2022,T,75
28069,2021,T,72
28069,2020,T,65
28069,2019,T,57
28069,2025,M,56
28069,2024,M,52
28069,2023,M,47
28069,2022,M,50
28069,2021,M,50
28069,2020,M,45
28069,2019,M,39
28069,2025,F,32
28069,2024,F,31
28069,2023,F,27
28069,2022,F,25
28069,2021,F,22
28069,2020,F,20
28069,2019,F,18
28070,2025,T,219
28070,2024,T,233
28070,2023,T,234
28070,2022,T,201
28070,2021,T,170
28070,2020,T,152
28070,2019,T,145
28070,2025,M,115
28070,2024,M,113
28070,2023,M,116
28070,2022,M,107
28070,2021,M,88
28070,2020,M,80
28070,2019,M,78
28070,2025,F,104
28070,2024,F,120
28070,2023,F,118
28070,2022,F,94
28070,2021,F,82
28070,2020,F,72
28070,2019,F,67
28071,2025,T,104
28071,2024,T,111
28071,2023,T,108
28071,2022,T,110
28071,2021,T,106
28071,2020,T,89
28071,2019,T,86
28071,2025,M,50
28071,2024,M,55
28071,2023,M,55
28071,2022,M,58
28071,2021,M,57
28071,2020,M,50
28071,2019,M,47
28071,2025,F,54
28071,2024,F,56
28071,2023,F,53
28071,2022,F,52
28071,2021,F,49
28071,2020,F,39
28071,2019,F,39
28072,2025,T,9310
28072,2024,T,9178
28072,2023,T,8973
28072,2022,T,8811
28072,2021,T,8680
28072,2020,T,8529
28072,2019,T,8434
28072,2025,M,4689
28072,2024,M,4624
28072,2023,M,4515
28072,2022,M,4443
28072,2021,M,4363
28072,2020,M,4299
28072,2019,M,4226
28072,2025,F,4621
28072,2024,F,4554
28072,2023,F,4458
28072,2022,F,4368
28072,2021,F,4317
28072,2020,F,4230
28072,2019,F,4208
28073,2025,T,20500
28073,2024,T,20074
28073,2023,T,19902
28073,2022,T,19838
28073,2021,T,19736
28073,2020,T,19701
28073,2019,T,19743
28073,2025,M,10239
28073,2024,M,9973
28073,2023,M,9908
28073,2022,M,9869
28073,2021,M,9807
28073,2020,M,9799
28073,2019,M,9893
28073,2025,F,10261
28073,2024,F,10101
28073,2023,F,9994
28073,2022,F,9969
28073,2021,F,9929
28073,2020,F,9902
28073,2019,F,9850
28074,2025,T,195734
28074,2024,T,194084
28074,2023,T,190665
28074,2022,T,186660
28074,2021,T,187762
28074,2020,T,191114
28074,2019,T,189861
28074,2025,M,94073
28074,2024,M,93396
28074,2023,M,91731
28074,2022,M,90038
28074,2021,M,90732
28074,2020,M,92573
28074,2019,M,91999
28074,2025,F,101661
28074,2024,F,100688
28074,2023,F,98934
28074,2022,F,96622
28074,2021,F,97030
28074,2020,F,98541
28074,2019,F,97862
28075,2025,T,9261
28075,2024,T,9200
28075,2023,T,9108
28075,2022,T,8944
28075,2021,T,8860
28075,2020,T,8897
28075,2019,T,8791
28075,2025,M,4663
28075,2024,M,4635
28075,2023,M,4568
28075,2022,M,4496
28075,2021,M,4458
28075,2020,M,4472
28075,2019,M,4400
28075,2025,F,4598
28075,2024,F,4565
28075,2023,F,4540
28075,2022,F,4448
28075,2021,F,4402
28075,2020,F,4425
28075,2019,F,4391
28076,2025,T,598
28076,2024,T,617
28076,2023,T,621
28076,2022,T,602
28076,2021,T,593
28076,2020,T,580
28076,2019,T,581
28076,2025,M,315
28076,2024,M,324
28076,2023,M,324
28076,2022,M,322
28076,2021,M,318
28076,2020,M,306
28076,2019,M,309
28076,2025,F,283
28076,2024,F,293
28076,2023,F,297
28076,2022,F,280
28076,2021,F,275
28076,2020,F,274
28076,2019,F,272
28901,2025,T,1468
28901,2024,T,1483
28901,2023,T,1483
28901,2022,T,1461
28901,2021,T,1407
28901,2020,T,1340
28901,2019,T,1299
28901,2025,M,743
28901,2024,M,760
28901,2023,M,769
28901,2022,M,759
28901,2021,M,728
28901,2020,M,694
28901,2019,M,670
28901,2025,F,725
28901,2024,F,723
28901,2023,F,714
28901,2022,F,702
28901,2021,F,679
28901,2020,F,646
28901,2019,F,629
28078,2025,T,69
28078,2024,T,70
28078,2023,T,72
28078,2022,T,63
28078,2021,T,57
28078,2020,T,49
28078,2019,T,48
28078,2025,M,35
28078,2024,M,36
28078,2023,M,36
28078,2022,M,32
28078,2021,M,33
28078,2020,M,30
28078,2019,M,30
28078,2025,F,34
28078,2024,F,34
28078,2023,F,36
28078,2022,F,31
28078,2021,F,24
28078,2020,F,19
28078,2019,F,18
28079,2025,T,3506730
28079,2024,T,3416771
28079,2023,T,3332035
28079,2022,T,3280782
28079,2021,T,3305408
28079,2020,T,3334730
28079,2019,T,3266126
28079,2025,M,1645087
28079,2024,M,1600298
28079,2023,M,1555507
28079,2022,M,1531214
28079,2021,M,1540894
28079,2020,M,1553899
28079,2019,M,1520153
28079,2025,F,1861643
28079,2024,F,1816473
28079,2023,F,1776528
28079,2022,F,1749568
28079,2021,F,1764514
28079,2020,F,1780831
28079,2019,F,1745973
28080,2025,T,73625
28080,2024,T,73355
28080,2023,T,72548
28080,2022,T,72179
28080,2021,T,72034
28080,2020,T,72155
28080,2019,T,71826
28080,2025,M,34819
28080,2024,M,34677
28080,2023,M,34263
28080,2022,M,34148
28080,2021,M,34119
28080,2020,M,34170
28080,2019,M,34018
28080,2025,F,38806
28080,2024,F,38678
28080,2023,F,38285
28080,2022,F,38031
28080,2021,F,37915
28080,2020,F,37985
28080,2019,F,37808
28082,2025,T,9648
28082,2024,T,9550
28082,2023,T,9386
28082,2022,T,9247
28082,2021,T,9202
28082,2020,T,8936
28082,2019,T,8840
28082,2025,M,4851
28082,2024,M,4824
28082,2023,M,4714
28082,2022,M,4667
28082,2021,M,4657
28082,2020,M,4541
28082,2019,M,4474
28082,2025,F,4797
28082,2024,F,4726
28082,2023,F,4672
28082,2022,F,4580
28082,2021,F,4545
28082,2020,F,4395
28082,2019,F,4366
28083,2025,T,15922
28083,2024,T,15732
28083,2023,T,15404
28083,2022,T,15143
28083,2021,T,14903
28083,2020,T,14670
28083,2019,T,14305
28083,2025,M,7947
28083,2024,M,7865
28083,2023,M,7725
28083,2022,M,7635
28083,2021,M,7533
28083,2020,M,7388
28083,2019,M,7211
28083,2025,F,7975
28083,2024,F,7867
28083,2023,F,7679
28083,2022,F,7508
28083,2021,F,7370
28083,2020,F,7282
28083,2019,F,7094
28084,2025,T,25049
28084,2024,T,24659
28084,2023,T,24274
28084,2022,T,23897
28084,2021,T,23737
28084,2020,T,23639
28084,2019,T,23274
28084,2025,M,12411
28084,2024,M,12226
28084,2023,M,12035
28084,2022,M,11830
28084,2021,M,11788
28084,2020,M,11752
28084,2019,M,11540
28084,2025,F,12638
28084,2024,F,12433
28084,2023,F,12239
28084,2022,F,12067
28084,2021,F,11949
28084,2020,F,11887
28084,2019,F,11734
28085,2025,T,7350
28085,2024,T,7139
28085,2023,T,6945
28085,2022,T,6711
28085,2021,T,6585
28085,2020,T,6362
28085,2019,T,6108
28085,2025,M,3728
28085,2024,M,3623
28085,2023,M,3544
28085,2022,M,3440
28085,2021,M,3377
28085,2020,M,3265
28085,2019,M,3133
28085,2025,F,3622
28085,2024,F,3516
28085,2023,F,3401
28085,2022,F,3271
28085,2021,F,3208
28085,2020,F,3097
28085,2019,F,2975
28086,2025,T,9999
28086,2024,T,10052
28086,2023,T,9759
28086,2022,T,9437
28086,2021,T,9291
28086,2020,T,9287
28086,2019,T,8938
28086,2025,M,5010
28086,2024,M,5076
28086,2023,M,4944
28086,2022,M,4774
28086,2021,M,4714
28086,2020,M,4718
28086,2019,M,4557
28086,2025,F,4989
28086,2024,F,4976
28086,2023,F,4815
28086,2022,F,4663
28086,2021,F,4577
28086,2020,F,4569
28086,2019,F,4381
28087,2025,T,4781
28087,2024,T,4731
28087,2023,T,4786
28087,2022,T,4699
28087,2021,T,4563
28087,2020,T,4433
28087,2019,T,4389
28087,2025,M,2309
28087,2024,M,2340
28087,2023,M,2383
28087,2022,M,2323
28087,2021,M,2239
28087,2020,M,2181
28087,2019,M,2160
28087,2025,F,2472
28087,2024,F,2391
28087,2023,F,2403
28087,2022,F,2376
28087,2021,F,2324
28087,2020,F,2252
28087,2019,F,2229
28088,2025,T,404
28088,2024,T,374
28088,2023,T,381
28088,2022,T,372
28088,2021,T,365
28088,2020,T,364
28088,2019,T,353
28088,2025,M,209
28088,2024,M,197
28088,2023,M,197
28088,2022,M,183
28088,2021,M,187
28088,2020,M,188
28088,2019,M,178
28088,2025,F,195
28088,2024,F,177
28088,2023,F,184
28088,2022,F,189
28088,2021,F,178
28088,2020,F,176
28088,2019,F,175
28089,2025,T,5580
28089,2024,T,5576
28089,2023,T,5453
28089,2022,T,5368
28089,2021,T,5294
28089,2020,T,5200
28089,2019,T,5136
28089,2025,M,2816
28089,2024,M,2813
28089,2023,M,2760
28089,2022,M,2701
28089,2021,M,2654
28089,2020,M,2591
28089,2019,M,2548
28089,2025,F,2764
28089,2024,F,2763
28089,2023,F,2693
28089,2022,F,2667
28089,2021,F,2640
28089,2020,F,2609
28089,2019,F,2588
28090,2025,T,14772
28090,2024,T,14586
28090,2023,T,14124
28090,2022,T,13905
28090,2021,T,13573
28090,2020,T,13334
28090,2019,T,13026
28090,2025,M,7337
28090,2024,M,7234
28090,2023,M,7032
28090,2022,M,6937
28090,2021,M,6775
28090,2020,M,6666
28090,2019,M,6527
28090,2025,F,7435
28090,2024,F,7352
28090,2023,F,7092
28090,2022,F,6968
28090,2021,F,6798
28090,2020,F,6668
28090,2019,F,6499
28091,2025,T,8397
28091,2024,T,8319
28091,2023,T,8115
28091,2022,T,7960
28091,2021,T,7924
28091,2020,T,7847
28091,2019,T,7683
28091,2025,M,4214
28091,2024,M,4184
28091,2023,M,4096
28091,2022,M,4009
28091,2021,M,4011
28091,2020,M,3933
28091,2019,M,3836
28091,2025,F,4183
28091,2024,F,4135
28091,2023,F,4019
28091,2022,F,3951
28091,2021,F,3913
28091,2020,F,3914
28091,2019,F,3847
28092,2025,T,214817
28092,2024,T,214006
28092,2023,T,211265
28092,2022,T,208761
28092,2021,T,209639
28092,2020,T,210309
28092,2019,T,209184
28092,2025,M,103879
28092,2024,M,103595
28092,2023,M,102147
28092,2022,M,101318
28092,2021,M,101892
28092,2020,M,102307
28092,2019,M,101905
28092,2025,F,110938
28092,2024,F,110411
28092,2023,F,109118
28092,2022,F,107443
28092,2021,F,107747
28092,2020,F,108002
28092,2019,F,107279
28093,2025,T,3311
28093,2024,T,3290
28093,2023,T,3282
28093,2022,T,3218
28093,2021,T,3220
28093,2020,T,3091
28093,2019,T,2972
28093,2025,M,1642
28093,2024,M,1618
28093,2023,M,1605
28093,2022,M,1594
28093,2021,M,1611
28093,2020,M,1552
28093,2019,M,1493
28093,2025,F,1669
28093,2024,F,1672
28093,2023,F,1677
28093,2022,F,1624
28093,2021,F,1609
28093,2020,F,1539
28093,2019,F,1479
28094,2025,T,1693
28094,2024,T,1672
28094,2023,T,1637
28094,2022,T,1574
28094,2021,T,1573
28094,2020,T,1511
28094,2019,T,1449
28094,2025,M,874
28094,2024,M,856
28094,2023,M,831
28094,2022,M,810
28094,2021,M,809
28094,2020,M,774
28094,2019,M,744
28094,2025,F,819
28094,2024,F,816
28094,2023,F,806
28094,2022,F,764
28094,2021,F,764
28094,2020,F,737
28094,2019,F,705
28095,2025,T,3169
28095,2024,T,3111
28095,2023,T,2982
28095,2022,T,2809
28095,2021,T,2720
28095,2020,T,2637
28095,2019,T,2610
28095,2025,M,1618
28095,2024,M,1590
28095,2023,M,1539
28095,2022,M,1442
28095,2021,M,1396
28095,2020,M,1362
28095,2019,M,1350
28095,2025,F,1551
28095,2024,F,1521
28095,2023,F,1443
28095,2022,F,1367
28095,2021,F,1324
28095,2020,F,1275
28095,2019,F,1260
28096,2025,T,33331
28096,2024,T,32683
28096,2023,T,31974
28096,2022,T,31379
28096,2021,T,30695
28096,2020,T,29985
28096,2019,T,29298
28096,2025,M,16550
28096,2024,M,16229
28096,2023,M,15867
28096,2022,M,15585
28096,2021,M,15285
28096,2020,M,14899
28096,2019,M,14585
28096,2025,F,16781
28096,2024,F,16454
28096,2023,F,16107
28096,2022,F,15794
28096,2021,F,15410
28096,2020,F,15086
28096,2019,F,14713
28097,2025,T,163
28097,2024,T,151
28097,2023,T,150
28097,2022,T,138
28097,2021,T,141
28097,2020,T,129
28097,2019,T,129
28097,2025,M,93
28097,2024,M,91
28097,2023,M,95
28097,2022,M,85
28097,2021,M,89
28097,2020,M,84
28097,2019,M,84
28097,2025,F,70
28097,2024,F,60
28097,2023,F,55
28097,2022,F,53
28097,2021,F,52
28097,2020,F,45
28097,2019,F,45
28099,2025,T,3420
28099,2024,T,3347
28099,2023,T,3244
28099,2022,T,3134
28099,2021,T,3062
28099,2020,T,2966
28099,2019,T,2918
28099,2025,M,1763
28099,2024,M,1729
28099,2023,M,1689
28099,2022,M,1625
28099,2021,M,1596
28099,2020,M,1551
28099,2019,M,1535
28099,2025,F,1657
28099,2024,F,1618
28099,2023,F,1555
28099,2022,F,1509
28099,2021,F,1466
28099,2020,F,1415
28099,2019,F,1383
28100,2025,T,7429
28100,2024,T,7339
28100,2023,T,7050
28100,2022,T,6760
28100,2021,T,6630
28100,2020,T,6454
28100,2019,T,6276
28100,2025,M,3739
28100,2024,M,3699
28100,2023,M,3576
28100,2022,M,3468
28100,2021,M,3403
28100,2020,M,3295
28100,2019,M,3191
28100,2025,F,3690
28100,2024,F,3640
28100,2023,F,3474
28100,2022,F,3292
28100,2021,F,3227
28100,2020,F,3159
28100,2019,F,3085
28101,2025,T,429
28101,2024,T,408
28101,2023,T,402
28101,2022,T,376
28101,2021,T,357
28101,2020,T,346
28101,2019,T,348
28101,2025,M,226
28101,2024,M,212
28101,2023,M,207
28101,2022,M,193
28101,2021,M,183
28101,2020,M,178
28101,2019,M,185
28101,2025,F,203
28101,2024,F,196
28101,2023,F,195
28101,2022,F,183
28101,2021,F,174
28101,2020,F,168
28101,2019,F,163
28102,2025,T,1531
28102,2024,T,1511
28102,2023,T,1415
28102,2022,T,1326
28102,2021,T,1291
28102,2020,T,1295
28102,2019,T,1244
28102,2025,M,768
28102,2024,M,780
28102,2023,M,737
28102,2022,M,695
28102,2021,M,661
28102,2020,M,654
28102,2019,M,637
28102,2025,F,763
28102,2024,F,731
28102,2023,F,678
28102,2022,F,631
28102,2021,F,630
28102,2020,F,641
28102,2019,F,607
28104,2025,T,27650
28104,2024,T,27238
28104,2023,T,27000
28104,2022,T,26450
28104,2021,T,26235
28104,2020,T,25917
28104,2019,T,25269
28104,2025,M,13766
28104,2024,M,13575
28104,2023,M,13486
28104,2022,M,13246
28104,2021,M,13164
28104,2020,M,13015
28104,2019,M,12703
28104,2025,F,13884
28104,2024,F,13663
28104,2023,F,13514
28104,2022,F,13204
28104,2021,F,13071
28104,2020,F,12902
28104,2019,F,12566
28106,2025,T,137471
28106,2024,T,134833
28106,2023,T,133004
28106,2022,T,130577
28106,2021,T,131689
28106,2020,T,133482
28106,2019,T,130124
28106,2025,M,67963
28106,2024,M,66806
28106,2023,M,65905
28106,2022,M,64847
28106,2021,M,65505
28106,2020,M,66524
28106,2019,M,64802
28106,2025,F,69508
28106,2024,F,68027
28106,2023,F,67099
28106,2022,F,65730
28106,2021,F,66184
28106,2020,F,66958
28106,2019,F,65322
28107,2025,T,617
28107,2024,T,602
28107,2023,T,566
28107,2022,T,536
28107,2021,T,524
28107,2020,T,539
28107,2019,T,541
28107,2025,M,279
28107,2024,M,270
28107,2023,M,263
28107,2022,M,257
28107,2021,M,254
28107,2020,M,251
28107,2019,M,254
28107,2025,F,338
28107,2024,F,332
28107,2023,F,303
28107,2022,F,279
28107,2021,F,270
28107,2020,F,288
28107,2019,F,287
28108,2025,T,6606
28108,2024,T,6467
28108,2023,T,6400
28108,2022,T,6307
28108,2021,T,6226
28108,2020,T,6150
28108,2019,T,5892
28108,2025,M,3342
28108,2024,M,3264
28108,2023,M,3233
28108,2022,M,3175
28108,2021,M,3113
28108,2020,M,3063
28108,2019,M,2936
28108,2025,F,3264
28108,2024,F,3203
28108,2023,F,3167
28108,2022,F,3132
28108,2021,F,3113
28108,2020,F,3087
28108,2019,F,2956
28109,2025,T,3195
28109,2024,T,3136
28109,2023,T,2982
28109,2022,T,2867
28109,2021,T,2827
28109,2020,T,2676
28109,2019,T,2596
28109,2025,M,1639
28109,2024,M,1591
28109,2023,M,1516
28109,2022,M,1454
28109,2021,M,1442
28109,2020,M,1366
28109,2019,M,1316
28109,2025,F,1556
28109,2024,F,1545
28109,2023,F,1466
28109,2022,F,1413
28109,2021,F,1385
28109,2020,F,1310
28109,2019,F,1280
28110,2025,T,3260
28110,2024,T,3207
28110,2023,T,3176
28110,2022,T,3117
28110,2021,T,3059
28110,2020,T,2990
28110,2019,T,2935
28110,2025,M,1602
28110,2024,M,1582
28110,2023,M,1589
28110,2022,M,1573
28110,2021,M,1545
28110,2020,M,1517
28110,2019,M,1480
28110,2025,F,1658
28110,2024,F,1625
28110,2023,F,1587
28110,2022,F,1544
28110,2021,F,1514
28110,2020,F,1473
28110,2019,F,1455
28111,2025,T,1008
28111,2024,T,989
28111,2023,T,977
28111,2022,T,931
28111,2021,T,927
28111,2020,T,867
28111,2019,T,842
28111,2025,M,537
28111,2024,M,524
28111,2023,M,509
28111,2022,M,492
28111,2021,M,495
28111,2020,M,460
28111,2019,M,449
28111,2025,F,471
28111,2024,F,465
28111,2023,F,468
28111,2022,F,439
28111,2021,F,432
28111,2020,F,407
28111,2019,F,393
28112,2025,T,200
28112,2024,T,200
28112,2023,T,204
28112,2022,T,198
28112,2021,T,196
28112,2020,T,190
28112,2019,T,191
28112,2025,M,105
28112,2024,M,107
28112,2023,M,108
28112,2022,M,106
28112,2021,M,106
28112,2020,M,106
28112,2019,M,109
28112,2025,F,95
28112,2024,F,93
28112,2023,F,96
28112,2022,F,92
28112,2021,F,90
28112,2020,F,84
28112,2019,F,82
28113,2025,T,56651
28113,2024,T,56003
28113,2023,T,55208
28113,2022,T,54088
28113,2021,T,53537
28113,2020,T,53325
28113,2019,T,52526
28113,2025,M,27858
28113,2024,M,27542
28113,2023,M,27202
28113,2022,M,26726
28113,2021,M,26464
28113,2020,M,26426
28113,2019,M,25964
28113,2025,F,28793
28113,2024,F,28461
28113,2023,F,28006
28113,2022,F,27362
28113,2021,F,27073
28113,2020,F,26899
28113,2019,F,26562
28114,2025,T,183
28114,2024,T,185
28114,2023,T,178
28114,2022,T,184
28114,2021,T,185
28114,2020,T,179
28114,2019,T,185
28114,2025,M,93
28114,2024,M,98
28114,2023,M,92
28114,2022,M,96
28114,2021,M,96
28114,2020,M,91
28114,2019,M,95
28114,2025,F,90
28114,2024,F,87
28114,2023,F,86
28114,2022,F,88
28114,2021,F,89
28114,2020,F,88
28114,2019,F,90
28115,2025,T,89770
28115,2024,T,89378
28115,2023,T,88784
28115,2022,T,87728
28115,2021,T,87134
28115,2020,T,87165
28115,2019,T,86422
28115,2025,M,42904
28115,2024,M,42719
28115,2023,M,42429
28115,2022,M,41989
28115,2021,M,41716
28115,2020,M,41766
28115,2019,M,41354
28115,2025,F,46866
28115,2024,F,46659
28115,2023,F,46355
28115,2022,F,45739
28115,2021,F,45418
28115,2020,F,45399
28115,2019,F,45068
28116,2025,T,1302
28116,2024,T,1292
28116,2023,T,1254
28116,2022,T,1178
28116,2021,T,1190
28116,2020,T,1172
28116,2019,T,1147
28116,2025,M,674
28116,2024,M,672
28116,2023,M,650
28116,2022,M,611
28116,2021,M,617
28116,2020,M,618
28116,2019,M,603
28116,2025,F,628
28116,2024,F,620
28116,2023,F,604
28116,2022,F,567
28116,2021,F,573
28116,2020,F,554
28116,2019,F,544
28117,2025,T,146
28117,2024,T,139
28117,2023,T,150
28117,2022,T,147
28117,2021,T,149
28117,2020,T,125
28117,2019,T,117
28117,2025,M,82
28117,2024,M,76
28117,2023,M,84
28117,2022,M,84
28117,2021,M,80
28117,2020,M,70
28117,2019,M,65
28117,2025,F,64
28117,2024,F,63
28117,2023,F,66
28117,2022,F,63
28117,2021,F,69
28117,2020,F,55
28117,2019,F,52
28118,2025,T,98
28118,2024,T,93
28118,2023,T,99
28118,2022,T,84
28118,2021,T,75
28118,2020,T,73
28118,2019,T,65
28118,2025,M,59
28118,2024,M,55
28118,2023,M,57
28118,2022,M,51
28118,2021,M,47
28118,2020,M,42
28118,2019,M,38
28118,2025,F,39
28118,2024,F,38
28118,2023,F,42
28118,2022,F,33
28118,2021,F,28
28118,2020,F,31
28118,2019,F,27
28902,2025,T,759
28902,2024,T,775
28902,2023,T,760
28902,2022,T,697
28902,2021,T,719
28902,2020,T,699
28902,2019,T,679
28902,2025,M,396
28902,2024,M,403
28902,2023,M,401
28902,2022,M,386
28902,2021,M,396
28902,2020,M,390
28902,2019,M,378
28902,2025,F,363
28902,2024,F,372
28902,2023,F,359
28902,2022,F,311
28902,2021,F,323
28902,2020,F,309
28902,2019,F,301
28119,2025,T,4044
28119,2024,T,4001
28119,2023,T,3863
28119,2022,T,3683
28119,2021,T,3593
28119,2020,T,3541
28119,2019,T,3439
28119,2025,M,1992
28119,2024,M,1974
28119,2023,M,1909
28119,2022,M,1852
28119,2021,M,1800
28119,2020,M,1771
28119,2019,M,1720
28119,2025,F,2052
28119,2024,F,2027
28119,2023,F,1954
28119,2022,F,1831
28119,2021,F,1793
28119,2020,F,1770
28119,2019,F,1719
28120,2025,T,1704
28120,2024,T,1707
28120,2023,T,1736
28120,2022,T,1736
28120,2021,T,1754
28120,2020,T,1725
28120,2019,T,1664
28120,2025,M,912
28120,2024,M,918
28120,2023,M,931
28120,2022,M,939
28120,2021,M,955
28120,2020,M,942
28120,2019,M,918
28120,2025,F,792
28120,2024,F,789
28120,2023,F,805
28120,2022,F,797
28120,2021,F,799
28120,2020,F,783
28120,2019,F,746
28121,2025,T,288
28121,2024,T,288
28121,2023,T,304
28121,2022,T,298
28121,2021,T,294
28121,2020,T,270
28121,2019,T,260
28121,2025,M,159
28121,2024,M,160
28121,2023,M,169
28121,2022,M,165
28121,2021,M,165
28121,2020,M,155
28121,2019,M,141
28121,2025,F,129
28121,2024,F,128
28121,2023,F,135
28121,2022,F,133
28121,2021,F,129
28121,2020,F,115
28121,2019,F,119
28122,2025,T,905
28122,2024,T,900
28122,2023,T,912
28122,2022,T,871
28122,2021,T,863
28122,2020,T,801
28122,2019,T,783
28122,2025,M,456
28122,2024,M,461
28122,2023,M,472
28122,2022,M,454
28122,2021,M,444
28122,2020,M,406
28122,2019,M,399
28122,2025,F,449
28122,2024,F,439
28122,2023,F,440
28122,2022,F,417
28122,2021,F,419
28122,2020,F,395
28122,2019,F,384
28123,2025,T,103148
28123,2024,T,101949
28123,2023,T,100275
28123,2022,T,96690
28123,2021,T,92925
28123,2020,T,90973
28123,2019,T,88150
28123,2025,M,50887
28123,2024,M,50329
28123,2023,M,49599
28123,2022,M,47889
28123,2021,M,46032
28123,2020,M,45073
28123,2019,M,43696
28123,2025,F,52261
28123,2024,F,51620
28123,2023,F,50676
28123,2022,F,48801
28123,2021,F,46893
28123,2020,F,45900
28123,2019,F,44454
28124,2025,T,118
28124,2024,T,131
28124,2023,T,135
28124,2022,T,114
28124,2021,T,97
28124,2020,T,95
28124,2019,T,80
28124,2025,M,59
28124,2024,M,68
28124,2023,M,70
28124,2022,M,59
28124,2021,M,50
28124,2020,M,48
28124,2019,M,44
28124,2025,F,59
28124,2024,F,63
28124,2023,F,65
28124,2022,F,55
28124,2021,F,47
28124,2020,F,47
28124,2019,F,36
28125,2025,T,4818
28125,2024,T,4725
28125,2023,T,4705
28125,2022,T,4587
28125,2021,T,4479
28125,2020,T,4364
28125,2019,T,4270
28125,2025,M,2473
28125,2024,M,2454
28125,2023,M,2450
28125,2022,M,2400
28125,2021,M,2352
28125,2020,M,2274
28125,2019,M,2213
28125,2025,F,2345
28125,2024,F,2271
28125,2023,F,2255
28125,2022,F,2187
28125,2021,F,2127
28125,2020,F,2090
28125,2019,F,2057
28126,2025,T,79
28126,2024,T,73
28126,2023,T,79
28126,2022,T,70
28126,2021,T,71
28126,2020,T,65
28126,2019,T,58
28126,2025,M,44
28126,2024,M,40
28126,2023,M,45
28126,2022,M,39
28126,2021,M,42
28126,2020,M,40
28126,2019,M,35
28126,2025,F,35
28126,2024,F,33
28126,2023,F,34
28126,2022,F,31
28126,2021,F,29
28126,2020,F,25
28126,2019,F,23
28127,2025,T,99037
28127,2024,T,98590
28127,2023,T,98086
28127,2022,T,95725
28127,2021,T,94862
28127,2020,T,96113
28127,2019,T,95814
28127,2025,M,47758
28127,2024,M,47568
28127,2023,M,47284
28127,2022,M,46232
28127,2021,M,45806
28127,2020,M,46420
28127,2019,M,46285
28127,2025,F,51279
28127,2024,F,51022
28127,2023,F,50802
28127,2022,F,49493
28127,2021,F,49056
28127,2020,F,49693
28127,2019,F,49529
28128,2025,T,579
28128,2024,T,580
28128,2023,T,578
28128,2022,T,577
28128,2021,T,590
28128,2020,T,555
28128,2019,T,530
28128,2025,M,331
28128,2024,M,337
28128,2023,M,338
28128,2022,M,336
28128,2021,M,341
28128,2020,M,320
28128,2019,M,306
28128,2025,F,248
28128,2024,F,243
28128,2023,F,240
28128,2022,F,241
28128,2021,F,249
28128,2020,F,235
28128,2019,F,224
28129,2025,T,13825
28129,2024,T,13762
28129,2023,T,13650
28129,2022,T,13608
28129,2021,T,13538
28129,2020,T,13466
28129,2019,T,13379
28129,2025,M,6716
28129,2024,M,6677
28129,2023,M,6631
28129,2022,M,6636
28129,2021,M,6640
28129,2020,M,6613
28129,2019,M,6565
28129,2025,F,7109
28129,2024,F,7085
28129,2023,F,7019
28129,2022,F,6972
28129,2021,F,6898
28129,2020,F,6853
28129,2019,F,6814
28130,2025,T,39059
28130,2024,T,38980
28130,2023,T,38974
28130,2022,T,38904
28130,2021,T,39313
28130,2020,T,39566
28130,2019,T,39432
28130,2025,M,18894
28130,2024,M,18900
28130,2023,M,18928
28130,2022,M,18960
28130,2021,M,19140
28130,2020,M,19244
28130,2019,M,19180
28130,2025,F,20165
28130,2024,F,20080
28130,2023,F,20046
28130,2022,F,19944
28130,2021,F,20173
28130,2020,F,20322
28130,2019,F,20252
28131,2025,T,18872
28131,2024,T,18735
28131,2023,T,18489
28131,2022,T,18423
28131,2021,T,18454
28131,2020,T,18532
28131,2019,T,18369
28131,2025,M,8970
28131,2024,M,8909
28131,2023,M,8826
28131,2022,M,8811
28131,2021,M,8835
28131,2020,M,8880
28131,2019,M,8803
28131,2025,F,9902
28131,2024,F,9826
28131,2023,F,9663
28131,2022,F,9612
28131,2021,F,9619
28131,2020,F,9652
28131,2019,F,9566
28132,2025,T,21010
28132,2024,T,20733
28132,2023,T,20304
28132,2022,T,19927
28132,2021,T,19853
28132,2020,T,19633
28132,2019,T,19170
28132,2025,M,10671
28132,2024,M,10625
28132,2023,M,10304
28132,2022,M,10128
28132,2021,M,10133
28132,2020,M,10051
28132,2019,M,9808
28132,2025,F,10339
28132,2024,F,10108
28132,2023,F,10000
28132,2022,F,9799
28132,2021,F,9720
28132,2020,F,9582
28132,2019,F,9362
28133,2025,T,9324
28133,2024,T,9159
28133,2023,T,9003
28133,2022,T,8812
28133,2021,T,8760
28133,2020,T,8679
28133,2019,T,8459
28133,2025,M,4638
28133,2024,M,4547
28133,2023,M,4474
28133,2022,M,4383
28133,2021,M,4356
28133,2020,M,4319
28133,2019,M,4204
28133,2025,F,4686
28133,2024,F,4612
28133,2023,F,4529
28133,2022,F,4429
28133,2021,F,4404
28133,2020,F,4360
28133,2019,F,4255
28134,2025,T,96992
28134,2024,T,94969
28134,2023,T,92734
28134,2022,T,91083
28134,2021,T,90962
28134,2020,T,91224
28134,2019,T,89276
28134,2025,M,46981
28134,2024,M,45936
28134,2023,M,44957
28134,2022,M,44203
28134,2021,M,44221
28134,2020,M,44477
28134,2019,M,43550
28134,2025,F,50011
28134,2024,F,49033
28134,2023,F,47777
28134,2022,F,46880
28134,2021,F,46741
28134,2020,F,46747
28134,2019,F,45726
28135,2025,T,1584
28135,2024,T,1517
28135,2023,T,1517
28135,2022,T,1499
28135,2021,T,1436
28135,2020,T,1321
28135,2019,T,1254
28135,2025,M,854
28135,2024,M,816
28135,2023,M,822
28135,2022,M,802
28135,2021,M,769
28135,2020,M,700
28135,2019,M,665
28135,2025,F,730
28135,2024,F,701
28135,2023,F,695
28135,2022,F,697
28135,2021,F,667
28135,2020,F,621
28135,2019,F,589
28136,2025,T,1011
28136,2024,T,999
28136,2023,T,942
28136,2022,T,941
28136,2021,T,925
28136,2020,T,899
28136,2019,T,886
28136,2025,M,511
28136,2024,M,498
28136,2023,M,474
28136,2022,M,473
28136,2021,M,467
28136,2020,M,463
28136,2019,M,467
28136,2025,F,500
28136,2024,F,501
28136,2023,F,468
28136,2022,F,468
28136,2021,F,458
28136,2020,F,436
28136,2019,F,419
28137,2025,T,2867
28137,2024,T,2785
28137,2023,T,2772
28137,2022,T,2751
28137,2021,T,2729
28137,2020,T,2694
28137,2019,T,2590
28137,2025,M,1486
28137,2024,M,1434
28137,2023,M,1416
28137,2022,M,1414
28137,2021,M,1395
28137,2020,M,1380
28137,2019,M,1320
28137,2025,F,1381
28137,2024,F,1351
28137,2023,F,1356
28137,2022,F,1337
28137,2021,F,1334
28137,2020,F,1314
28137,2019,F,1270
28138,2025,T,110
28138,2024,T,105
28138,2023,T,106
28138,2022,T,108
28138,2021,T,96
28138,2020,T,87
28138,2019,T,81
28138,2025,M,55
28138,2024,M,55
28138,2023,M,56
28138,2022,M,59
28138,2021,M,53
28138,2020,M,47
28138,2019,M,42
28138,2025,F,55
28138,2024,F,50
28138,2023,F,50
28138,2022,F,49
28138,2021,F,43
28138,2020,F,40
28138,2019,F,39
28140,2025,T,4670
28140,2024,T,4634
28140,2023,T,4625
28140,2022,T,4509
28140,2021,T,4429
28140,2020,T,4291
28140,2019,T,4165
28140,2025,M,2300
28140,2024,M,2274
28140,2023,M,2268
28140,2022,M,2218
28140,2021,M,2194
28140,2020,M,2111
28140,2019,M,2060
28140,2025,F,2370
28140,2024,F,2360
28140,2023,F,2357
28140,2022,F,2291
28140,2021,F,2235
28140,2020,F,2180
28140,2019,F,2105
28141,2025,T,9802
28141,2024,T,9657
28141,2023,T,9551
28141,2022,T,9361
28141,2021,T,9345
28141,2020,T,9393
28141,2019,T,9318
28141,2025,M,4770
28141,2024,M,4728
28141,2023,M,4668
28141,2022,M,4599
28141,2021,M,4598
28141,2020,M,4582
28141,2019,M,4546
28141,2025,F,5032
28141,2024,F,4929
28141,2023,F,4883
28141,2022,F,4762
28141,2021,F,4747
28141,2020,F,4811
28141,2019,F,4772
28143,2025,T,93
28143,2024,T,95
28143,2023,T,85
28143,2022,T,87
28143,2021,T,87
28143,2020,T,87
28143,2019,T,86
28143,2025,M,50
28143,2024,M,52
28143,2023,M,51
28143,2022,M,50
28143,2021,M,49
28143,2020,M,50
28143,2019,M,50
28143,2025,F,43
28143,2024,F,43
28143,2023,F,34
28143,2022,F,37
28143,2021,F,38
28143,2020,F,37
28143,2019,F,36
28144,2025,T,9400
28144,2024,T,9441
28144,2023,T,9399
28144,2022,T,9188
28144,2021,T,9091
28144,2020,T,8981
28144,2019,T,8799
28144,2025,M,4631
28144,2024,M,4671
28144,2023,M,4636
28144,2022,M,4522
28144,2021,M,4458
28144,2020,M,4399
28144,2019,M,4302
28144,2025,F,4769
28144,2024,F,4770
28144,2023,F,4763
28144,2022,F,4666
28144,2021,F,4633
28144,2020,F,4582
28144,2019,F,4497
28145,2025,T,4607
28145,2024,T,4533
28145,2023,T,4355
28145,2022,T,4210
28145,2021,T,4123
28145,2020,T,4012
28145,2019,T,3857
28145,2025,M,2229
28145,2024,M,2193
28145,2023,M,2110
28145,2022,M,2053
28145,2021,M,2032
28145,2020,M,1992
28145,2019,M,1906
28145,2025,F,2378
28145,2024,F,2340
28145,2023,F,2245
28145,2022,F,2157
28145,2021,F,2091
28145,2020,F,2020
28145,2019,F,1951
28146,2025,T,2964
28146,2024,T,2810
28146,2023,T,2742
28146,2022,T,2783
28146,2021,T,2781
28146,2020,T,2736
28146,2019,T,2650
28146,2025,M,1492
28146,2024,M,1411
28146,2023,M,1379
28146,2022,M,1410
28146,2021,M,1418
28146,2020,M,1389
28146,2019,M,1353
28146,2025,F,1472
28146,2024,F,1399
28146,2023,F,1363
28146,2022,F,1373
28146,2021,F,1363
28146,2020,F,1347
28146,2019,F,1297
28147,2025,T,1389
28147,2024,T,1387
28147,2023,T,1362
28147,2022,T,1336
28147,2021,T,1360
28147,2020,T,1341
28147,2019,T,1313
28147,2025,M,728
28147,2024,M,720
28147,2023,M,709
28147,2022,M,702
28147,2021,M,697
28147,2020,M,695
28147,2019,M,686
28147,2025,F,661
28147,2024,F,667
28147,2023,F,653
28147,2022,F,634
28147,2021,F,663
28147,2020,F,646
28147,2019,F,627
28148,2025,T,143526
28148,2024,T,140626
28148,2023,T,137711
28148,2022,T,134733
28148,2021,T,132771
28148,2020,T,132853
28148,2019,T,131376
28148,2025,M,70176
28148,2024,M,68848
28148,2023,M,67409
28148,2022,M,66136
28148,2021,M,65240
28148,2020,M,65343
28148,2019,M,64749
28148,2025,F,73350
28148,2024,F,71778
28148,2023,F,70302
28148,2022,F,68597
28148,2021,F,67531
28148,2020,F,67510
28148,2019,F,66627
28149,2025,T,10653
28149,2024,T,10378
28149,2023,T,10222
28149,2022,T,9947
28149,2021,T,9549
28149,2020,T,9194
28149,2019,T,8872
28149,2025,M,5304
28149,2024,M,5163
28149,2023,M,5063
28149,2022,M,4936
28149,2021,M,4737
28149,2020,M,4559
28149,2019,M,4385
28149,2025,F,5349
28149,2024,F,5215
28149,2023,F,5159
28149,2022,F,5011
28149,2021,F,4812
28149,2020,F,4635
28149,2019,F,4487
28150,2025,T,4900
28150,2024,T,4893
28150,2023,T,4756
28150,2022,T,4685
28150,2021,T,4594
28150,2020,T,4386
28150,2019,T,4382
28150,2025,M,2419
28150,2024,M,2431
28150,2023,M,2352
28150,2022,M,2321
28150,2021,M,2273
28150,2020,M,2193
28150,2019,M,2181
28150,2025,F,2481
28150,2024,F,2462
28150,2023,F,2404
28150,2022,F,2364
28150,2021,F,2321
28150,2020,F,2193
28150,2019,F,2201
28151,2025,T,5081
28151,2024,T,4991
28151,2023,T,4949
28151,2022,T,4940
28151,2021,T,4897
28151,2020,T,4854
28151,2019,T,4760
28151,2025,M,2508
28151,2024,M,2473
28151,2023,M,2468
28151,2022,M,2459
28151,2021,M,2448
28151,2020,M,2435
28151,2019,M,2388
28151,2025,F,2573
28151,2024,F,2518
28151,2023,F,2481
28151,2022,F,2481
28151,2021,F,2449
28151,2020,F,2419
28151,2019,F,2372
28152,2025,T,25433
28152,2024,T,25316
28152,2023,T,25115
28152,2022,T,24775
28152,2021,T,24122
28152,2020,T,23902
28152,2019,T,23717
28152,2025,M,12316
28152,2024,M,12247
28152,2023,M,12130
28152,2022,M,11945
28152,2021,M,11634
28152,2020,M,11548
28152,2019,M,11465
28152,2025,F,13117
28152,2024,F,13069
28152,2023,F,12985
28152,2022,F,12830
28152,2021,F,12488
28152,2020,F,12354
28152,2019,F,12252
28153,2025,T,1157
28153,2024,T,1132
28153,2023,T,1144
28153,2022,T,1097
28153,2021,T,1079
28153,2020,T,1075
28153,2019,T,1019
28153,2025,M,571
28153,2024,M,569
28153,2023,M,584
28153,2022,M,565
28153,2021,M,552
28153,2020,M,542
28153,2019,M,514
28153,2025,F,586
28153,2024,F,563
28153,2023,F,560
28153,2022,F,532
28153,2021,F,527
28153,2020,F,533
28153,2019,F,505
28154,2025,T,7824
28154,2024,T,7758
28154,2023,T,7737
28154,2022,T,7714
28154,2021,T,7729
28154,2020,T,7833
28154,2019,T,7779
28154,2025,M,3991
28154,2024,M,3981
28154,2023,M,3977
28154,2022,M,3951
28154,2021,M,3946
28154,2020,M,4002
28154,2019,M,3973
28154,2025,F,3833
28154,2024,F,3777
28154,2023,F,3760
28154,2022,F,3763
28154,2021,F,3783
28154,2020,F,3831
28154,2019,F,3806
28903,2025,T,54592
28903,2024,T,52932
28903,2023,T,51453
28903,2022,T,50187
28903,2021,T,48751
28903,2020,T,48326
28903,2019,T,47722
28903,2025,M,26488
28903,2024,M,25694
28903,2023,M,24924
28903,2022,M,24325
28903,2021,M,23678
28903,2020,M,23439
28903,2019,M,23141
28903,2025,F,28104
28903,2024,F,27238
28903,2023,F,26529
28903,2022,F,25862
28903,2021,F,25073
28903,2020,F,24887
28903,2019,F,24581
28155,2025,T,658
28155,2024,T,645
28155,2023,T,633
28155,2022,T,627
28155,2021,T,612
28155,2020,T,605
28155,2019,T,609
28155,2025,M,337
28155,2024,M,326
28155,2023,M,328
28155,2022,M,322
28155,2021,M,314
28155,2020,M,311
28155,2019,M,313
28155,2025,F,321
28155,2024,F,319
28155,2023,F,305
28155,2022,F,305
28155,2021,F,298
28155,2020,F,294
28155,2019,F,296
28156,2025,T,1896
28156,2024,T,1823
28156,2023,T,1782
28156,2022,T,1701
28156,2021,T,1670
28156,2020,T,1591
28156,2019,T,1554
28156,2025,M,963
28156,2024,M,920
28156,2023,M,912
28156,2022,M,877
28156,2021,M,861
28156,2020,M,828
28156,2019,M,806
28156,2025,F,933
28156,2024,F,903
28156,2023,F,870
28156,2022,F,824
28156,2021,F,809
28156,2020,F,763
28156,2019,F,748
28157,2025,T,1122
28157,2024,T,1094
28157,2023,T,1045
28157,2022,T,1016
28157,2021,T,1026
28157,2020,T,979
28157,2019,T,937
28157,2025,M,579
28157,2024,M,565
28157,2023,M,529
28157,2022,M,509
28157,2021,M,517
28157,2020,M,491
28157,2019,M,469
28157,2025,F,543
28157,2024,F,529
28157,2023,F,516
28157,2022,F,507
28157,2021,F,509
28157,2020,F,488
28157,2019,F,468
28158,2025,T,1097
28158,2024,T,1052
28158,2023,T,1066
28158,2022,T,1033
28158,2021,T,1012
28158,2020,T,963
28158,2019,T,914
28158,2025,M,563
28158,2024,M,547
28158,2023,M,550
28158,2022,M,534
28158,2021,M,523
28158,2020,M,498
28158,2019,M,480
28158,2025,F,534
28158,2024,F,505
28158,2023,F,516
28158,2022,F,499
28158,2021,F,489
28158,2020,F,465
28158,2019,F,434
28159,2025,T,870
28159,2024,T,833
28159,2023,T,820
28159,2022,T,798
28159,2021,T,789
28159,2020,T,775
28159,2019,T,781
28159,2025,M,447
28159,2024,M,434
28159,2023,M,419
28159,2022,M,401
28159,2021,M,405
28159,2020,M,397
28159,2019,M,405
28159,2025,F,423
28159,2024,F,399
28159,2023,F,401
28159,2022,F,397
28159,2021,F,384
28159,2020,F,378
28159,2019,F,376
28160,2025,T,14420
28160,2024,T,14164
28160,2023,T,13651
28160,2022,T,13453
28160,2021,T,13245
28160,2020,T,12772
28160,2019,T,12518
28160,2025,M,7198
28160,2024,M,7087
28160,2023,M,6845
28160,2022,M,6773
28160,2021,M,6691
28160,2020,M,6429
28160,2019,M,6306
28160,2025,F,7222
28160,2024,F,7077
28160,2023,F,6806
28160,2022,F,6680
28160,2021,F,6554
28160,2020,F,6343
28160,2019,F,6212
28161,2025,T,85972
28161,2024,T,83507
28161,2023,T,81394
28161,2022,T,79100
28161,2021,T,77587
28161,2020,T,77270
28161,2019,T,75983
28161,2025,M,42236
28161,2024,M,41033
28161,2023,M,40018
28161,2022,M,38886
28161,2021,M,38185
28161,2020,M,38142
28161,2019,M,37493
28161,2025,F,43736
28161,2024,F,42474
28161,2023,F,41376
28161,2022,F,40214
28161,2021,F,39402
28161,2020,F,39128
28161,2019,F,38490
28162,2025,T,4626
28162,2024,T,4568
28162,2023,T,4523
28162,2022,T,4396
28162,2021,T,4309
28162,2020,T,4232
28162,2019,T,4136
28162,2025,M,2345
28162,2024,M,2329
28162,2023,M,2313
28162,2022,M,2245
28162,2021,M,2215
28162,2020,M,2170
28162,2019,M,2130
28162,2025,F,2281
28162,2024,F,2239
28162,2023,F,2210
28162,2022,F,2151
28162,2021,F,2094
28162,2020,F,2062
28162,2019,F,2006
28163,2025,T,612
28163,2024,T,619
28163,2023,T,623
28163,2022,T,621
28163,2021,T,612
28163,2020,T,614
28163,2019,T,584
28163,2025,M,322
28163,2024,M,323
28163,2023,M,325
28163,2022,M,319
28163,2021,M,316
28163,2020,M,325
28163,2019,M,315
28163,2025,F,290
28163,2024,F,296
28163,2023,F,298
28163,2022,F,302
28163,2021,F,296
28163,2020,F,289
28163,2019,F,269
28164,2025,T,5175
28164,2024,T,5026
28164,2023,T,4990
28164,2022,T,4830
28164,2021,T,4696
28164,2020,T,4581
28164,2019,T,4497
28164,2025,M,2591
28164,2024,M,2508
28164,2023,M,2482
28164,2022,M,2418
28164,2021,M,2353
28164,2020,M,2310
28164,2019,M,2277
28164,2025,F,2584
28164,2024,F,2518
28164,2023,F,2508
28164,2022,F,2412
28164,2021,F,2343
28164,2020,F,2271
28164,2019,F,2220
28165,2025,T,3289
28165,2024,T,3213
28165,2023,T,3191
28165,2022,T,3104
28165,2021,T,3079
28165,2020,T,2982
28165,2019,T,2933
28165,2025,M,1677
28165,2024,M,1651
28165,2023,M,1642
28165,2022,M,1604
28165,2021,M,1581
28165,2020,M,1533
28165,2019,M,1517
28165,2025,F,1612
28165,2024,F,1562
28165,2023,F,1549
28165,2022,F,1500
28165,2021,F,1498
28165,2020,F,1449
28165,2019,F,1416
28166,2025,T,565
28166,2024,T,553
28166,2023,T,535
28166,2022,T,532
28166,2021,T,518
28166,2020,T,498
28166,2019,T,465
28166,2025,M,293
28166,2024,M,287
28166,2023,M,283
28166,2022,M,282
28166,2021,M,275
28166,2020,M,262
28166,2019,M,239
28166,2025,F,272
28166,2024,F,266
28166,2023,F,252
28166,2022,F,250
28166,2021,F,243
28166,2020,F,236
28166,2019,F,226
28167,2025,T,14468
28167,2024,T,14003
28167,2023,T,13376
28167,2022,T,12770
28167,2021,T,12543
28167,2020,T,12380
28167,2019,T,12236
28167,2025,M,7222
28167,2024,M,6953
28167,2023,M,6686
28167,2022,M,6409
28167,2021,M,6311
28167,2020,M,6237
28167,2019,M,6178
28167,2025,F,7246
28167,2024,F,7050
28167,2023,F,6690
28167,2022,F,6361
28167,2021,F,6232
28167,2020,F,6143
28167,2019,F,6058
28168,2025,T,2281
28168,2024,T,2166
28168,2023,T,2200
28168,2022,T,2124
28168,2021,T,2083
28168,2020,T,2004
28168,2019,T,1958
28168,2025,M,1199
28168,2024,M,1144
28168,2023,M,1140
28168,2022,M,1106
28168,2021,M,1088
28168,2020,M,1055
28168,2019,M,1022
28168,2025,F,1082
28168,2024,F,1022
28168,2023,F,1060
28168,2022,F,1018
28168,2021,F,995
28168,2020,F,949
28168,2019,F,936
28169,2025,T,2622
28169,2024,T,2559
28169,2023,T,2554
28169,2022,T,2445
28169,2021,T,2387
28169,2020,T,2241
28169,2019,T,2163
28169,2025,M,1337
28169,2024,M,1305
28169,2023,M,1327
28169,2022,M,1271
28169,2021,M,1240
28169,2020,M,1179
28169,2019,M,1135
28169,2025,F,1285
28169,2024,F,1254
28169,2023,F,1227
28169,2022,F,1174
28169,2021,F,1147
28169,2020,F,1062
28169,2019,F,1028
28171,2025,T,7743
28171,2024,T,7437
28171,2023,T,7273
28171,2022,T,7092
28171,2021,T,6837
28171,2020,T,6661
28171,2019,T,6520
28171,2025,M,3968
28171,2024,M,3805
28171,2023,M,3697
28171,2022,M,3607
28171,2021,M,3484
28171,2020,M,3393
28171,2019,M,3309
28171,2025,F,3775
28171,2024,F,3632
28171,2023,F,3576
28171,2022,F,3485
28171,2021,F,3353
28171,2020,F,3268
28171,2019,F,3211
28170,2025,T,3569
28170,2024,T,3508
28170,2023,T,3499
28170,2022,T,3456
28170,2021,T,3464
28170,2020,T,3422
28170,2019,T,3388
28170,2025,M,1804
28170,2024,M,1763
28170,2023,M,1794
28170,2022,M,1774
28170,2021,M,1771
28170,2020,M,1758
28170,2019,M,1745
28170,2025,F,1765
28170,2024,F,1745
28170,2023,F,1705
28170,2022,F,1682
28170,2021,F,1693
28170,2020,F,1664
28170,2019,F,1643
28172,2025,T,18687
28172,2024,T,18000
28172,2023,T,16823
28172,2022,T,15866
28172,2021,T,15049
28172,2020,T,14392
28172,2019,T,13878
28172,2025,M,9409
28172,2024,M,9068
28172,2023,M,8495
28172,2022,M,7986
28172,2021,M,7601
28172,2020,M,7256
28172,2019,M,7002
28172,2025,F,9278
28172,2024,F,8932
28172,2023,F,8328
28172,2022,F,7880
28172,2021,F,7448
28172,2020,F,7136
28172,2019,F,6876
28173,2025,T,859
28173,2024,T,825
28173,2023,T,800
28173,2022,T,757
28173,2021,T,762
28173,2020,T,707
28173,2019,T,703
28173,2025,M,436
28173,2024,M,421
28173,2023,M,418
28173,2022,M,394
28173,2021,M,393
28173,2020,M,354
28173,2019,M,352
28173,2025,F,423
28173,2024,F,404
28173,2023,F,382
28173,2022,F,363
28173,2021,F,369
28173,2020,F,353
28173,2019,F,351
28174,2025,T,2899
28174,2024,T,2823
28174,2023,T,2774
28174,2022,T,2714
28174,2021,T,2643
28174,2020,T,2605
28174,2019,T,2555
28174,2025,M,1469
28174,2024,M,1438
28174,2023,M,1410
28174,2022,M,1380
28174,2021,M,1336
28174,2020,M,1315
28174,2019,M,1299
28174,2025,F,1430
28174,2024,F,1385
28174,2023,F,1364
28174,2022,F,1334
28174,2021,F,1307
28174,2020,F,1290
28174,2019,F,1256
28175,2025,T,1660
28175,2024,T,1624
28175,2023,T,1576
28175,2022,T,1567
28175,2021,T,1514
28175,2020,T,1482
28175,2019,T,1441
28175,2025,M,836
28175,2024,M,808
28175,2023,M,783
28175,2022,M,768
28175,2021,M,744
28175,2020,M,726
28175,2019,M,709
28175,2025,F,824
28175,2024,F,816
28175,2023,F,793
28175,2022,F,799
28175,2021,F,770
28175,2020,F,756
28175,2019,F,732
28176,2025,T,24028
28176,2024,T,23799
28176,2023,T,23593
28176,2022,T,22845
28176,2021,T,22580
28176,2020,T,22115
28176,2019,T,21445
28176,2025,M,11607
28176,2024,M,11534
28176,2023,M,11458
28176,2022,M,11120
28176,2021,M,11005
28176,2020,M,10756
28176,2019,M,10430
28176,2025,F,12421
28176,2024,F,12265
28176,2023,F,12135
28176,2022,F,11725
28176,2021,F,11575
28176,2020,F,11359
28176,2019,F,11015
28178,2025,T,1715
28178,2024,T,1674
28178,2023,T,1671
28178,2022,T,1623
28178,2021,T,1599
28178,2020,T,1592
28178,2019,T,1563
28178,2025,M,871
28178,2024,M,851
28178,2023,M,861
28178,2022,M,832
28178,2021,M,825
28178,2020,M,813
28178,2019,M,801
28178,2025,F,844
28178,2024,F,823
28178,2023,F,810
28178,2022,F,791
28178,2021,F,774
28178,2020,F,779
28178,2019,F,762
28177,2025,T,18466
28177,2024,T,18086
28177,2023,T,17731
28177,2022,T,17382
28177,2021,T,17310
28177,2020,T,17396
28177,2019,T,17180
28177,2025,M,8926
28177,2024,M,8722
28177,2023,M,8580
28177,2022,M,8416
28177,2021,M,8407
28177,2020,M,8462
28177,2019,M,8389
28177,2025,F,9540
28177,2024,F,9364
28177,2023,F,9151
28177,2022,F,8966
28177,2021,F,8903
28177,2020,F,8934
28177,2019,F,8791
28179,2025,T,2341
28179,2024,T,2277
28179,2023,T,2258
28179,2022,T,2219
28179,2021,T,2211
28179,2020,T,2079
28179,2019,T,2011
28179,2025,M,1190
28179,2024,M,1146
28179,2023,M,1132
28179,2022,M,1102
28179,2021,M,1100
28179,2020,M,1024
28179,2019,M,1003
28179,2025,F,1151
28179,2024,F,1131
28179,2023,F,1126
28179,2022,F,1117
28179,2021,F,1111
28179,2020,F,1055
28179,2019,F,1008
28180,2025,T,8042
28180,2024,T,7900
28180,2023,T,7746
28180,2022,T,7629
28180,2021,T,7552
28180,2020,T,7433
28180,2019,T,7335
28180,2025,M,3950
28180,2024,M,3897
28180,2023,M,3834
28180,2022,M,3790
28180,2021,M,3764
28180,2020,M,3716
28180,2019,M,3692
28180,2025,F,4092
28180,2024,F,4003
28180,2023,F,3912
28180,2022,F,3839
28180,2021,F,3788
28180,2020,F,3717
28180,2019,F,3643
28181,2025,T,30127
28181,2024,T,29273
28181,2023,T,28750
28181,2022,T,28152
28181,2021,T,28030
28181,2020,T,28148
28181,2019,T,27835
28181,2025,M,14542
28181,2024,M,14087
28181,2023,M,13889
28181,2022,M,13619
28181,2021,M,13559
28181,2020,M,13604
28181,2019,M,13493
28181,2025,F,15585
28181,2024,F,15186
28181,2023,F,14861
28181,2022,F,14533
28181,2021,F,14471
28181,2020,F,14544
28181,2019,F,14342
28182,2025,T,332
28182,2024,T,324
28182,2023,T,314
28182,2022,T,284
28182,2021,T,276
28182,2020,T,262
28182,2019,T,253
28182,2025,M,177
28182,2024,M,171
28182,2023,M,166
28182,2022,M,150
28182,2021,M,150
28182,2020,M,140
28182,2019,M,136
28182,2025,F,155
28182,2024,F,153
28182,2023,F,148
28182,2022,F,134
28182,2021,F,126
28182,2020,F,122
28182,2019,F,117
28183,2025,T,1946
28183,2024,T,1874
28183,2023,T,1810
28183,2022,T,1773
28183,2021,T,1786
28183,2020,T,1734
28183,2019,T,1658
28183,2025,M,1008
28183,2024,M,971
28183,2023,M,931
28183,2022,M,903
28183,2021,M,908
28183,2020,M,891
28183,2019,M,853
28183,2025,F,938
28183,2024,F,903
28183,2023,F,879
28183,2022,F,870
28183,2021,F,878
28183,2020,F,843
28183,2019,F,805
