year,crime_code,age,sex,count
2019,1,14-17,M,804
2019,1,14-17,F,171
2019,1,18-30,M,4606
2019,1,18-30,F,798
2019,1,31-40,M,3898
2019,1,31-40,F,695
2019,1,41-64,M,4336
2019,1,41-64,F,662
2019,1,65+,M,297
2019,1,65+,F,33
2019,1.1,14-17,M,4
2019,1.1,14-17,F,1
2019,1.1,18-30,M,71
2019,1.1,18-30,F,4
2019,1.1,31-40,M,22
2019,1.1,31-40,F,1
2019,1.1,41-64,M,23
2019,1.1,41-64,F,2
2019,1.1,65+,M,1
2019,1.1,65+,F,0
2019,1.1.1,14-17,M,0
2019,1.1.1,14-17,F,0
2019,1.1.1,18-30,M,13
2019,1.1.1,18-30,F,1
2019,1.1.1,31-40,M,5
2019,1.1.1,31-40,F,0
2019,1.1.1,41-64,M,7
2019,1.1.1,41-64,F,0
2019,1.1.1,65+,M,0
2019,1.1.1,65+,F,0
2019,1.2,14-17,M,364
2019,1.2,14-17,F,57
2019,1.2,18-30,M,1380
2019,1.2,18-30,F,200
2019,1.2,31-40,M,701
2019,1.2,31-40,F,154
2019,1.2,41-64,M,731
2019,1.2,41-64,F,144
2019,1.2,65+,M,66
2019,1.2,65+,F,17
2019,1.3,14-17,M,337
2019,1.3,14-17,F,99
2019,1.3,18-30,M,2911
2019,1.3,18-30,F,573
2019,1.3,31-40,M,3108
2019,1.3,31-40,F,512
2019,1.3,41-64,M,3518
2019,1.3,41-64,F,505
2019,1.3,65+,M,226
2019,1.3,65+,F,14
2019,1.4,14-17,M,99
2019,1.4,14-17,F,14
2019,1.4,18-30,M,244
2019,1.4,18-30,F,21
2019,1.4,31-40,M,67
2019,1.4,31-40,F,28
2019,1.4,41-64,M,64
2019,1.4,41-64,F,11
2019,1.4,65+,M,4
2019,1.4,65+,F,2
2019,2,14-17,M,264
2019,2,14-17,F,48
2019,2,18-30,M,1040
2019,2,18-30,F,201
2019,2,31-40,M,900
2019,2,31-40,F,166
2019,2,41-64,M,1263
2019,2,41-64,F,252
2019,2,65+,M,124
2019,2,65+,F,20
2019,2.1,14-17,M,40
2019,2.1,14-17,F,3
2019,2.1,18-30,M,185
2019,2.1,18-30,F,25
2019,2.1,31-40,M,221
2019,2.1,31-40,F,23
2019,2.1,41-64,M,285
2019,2.1,41-64,F,28
2019,2.1,65+,M,23
2019,2.1,65+,F,0
2019,2.2,14-17,M,224
2019,2.2,14-17,F,45
2019,2.2,18-30,M,855
2019,2.2,18-30,F,176
2019,2.2,31-40,M,679
2019,2.2,31-40,F,143
2019,2.2,41-64,M,978
2019,2.2,41-64,F,224
2019,2.2,65+,M,101
2019,2.2,65+,F,20
2019,3,14-17,M,93
2019,3,14-17,F,1
2019,3,18-30,M,401
2019,3,18-30,F,8
2019,3,31-40,M,278
2019,3,31-40,F,0
2019,3,41-64,M,383
2019,3,41-64,F,3
2019,3,65+,M,85
2019,3,65+,F,2
2019,3.1,14-17,M,39
2019,3.1,14-17,F,0
2019,3.1,18-30,M,219
2019,3.1,18-30,F,2
2019,3.1,31-40,M,155
2019,3.1,31-40,F,0
2019,3.1,41-64,M,223
2019,3.1,41-64,F,2
2019,3.1,65+,M,66
2019,3.1,65+,F,1
2019,3.2,14-17,M,23
2019,3.2,14-17,F,0
2019,3.2,18-30,M,130
2019,3.2,18-30,F,2
2019,3.2,31-40,M,69
2019,3.2,31-40,F,0
2019,3.2,41-64,M,84
2019,3.2,41-64,F,0
2019,3.2,65+,M,5
2019,3.2,65+,F,0
2019,3.3,14-17,M,3
2019,3.3,14-17,F,0
2019,3.3,18-30,M,10
2019,3.3,18-30,F,2
2019,3.3,31-40,M,5
2019,3.3,31-40,F,0
2019,3.3,41-64,M,7
2019,3.3,41-64,F,0
2019,3.3,65+,M,1
2019,3.3,65+,F,0
2019,3.4,14-17,M,22
2019,3.4,14-17,F,0
2019,3.4,18-30,M,15
2019,3.4,18-30,F,0
2019,3.4,31-40,M,12
2019,3.4,31-40,F,0
2019,3.4,41-64,M,27
2019,3.4,41-64,F,1
2019,3.4,65+,M,2
2019,3.4,65+,F,1
2019,3.5,14-17,M,6
2019,3.5,14-17,F,1
2019,3.5,18-30,M,27
2019,3.5,18-30,F,2
2019,3.5,31-40,M,37
2019,3.5,31-40,F,0
2019,3.5,41-64,M,42
2019,3.5,41-64,F,0
2019,3.5,65+,M,11
2019,3.5,65+,F,0
2019,4,14-17,M,0
2019,4,14-17,F,0
2019,4,18-30,M,11
2019,4,18-30,F,20
2019,4,31-40,M,38
2019,4,31-40,F,35
2019,4,41-64,M,43
2019,4,41-64,F,18
2019,4,65+,M,9
2019,4,65+,F,1
2019,5,14-17,M,2589
2019,5,14-17,F,611
2019,5,18-30,M,9675
2019,5,18-30,F,3889
2019,5,31-40,M,6143
2019,5,31-40,F,2270
2019,5,41-64,M,5428
2019,5,41-64,F,2496
2019,5,65+,M,469
2019,5,65+,F,275
2019,5.1,14-17,M,753
2019,5.1,14-17,F,457
2019,5.1,18-30,M,4634
2019,5.1,18-30,F,2979
2019,5.1,31-40,M,3506
2019,5.1,31-40,F,1728
2019,5.1,41-64,M,3148
2019,5.1,41-64,F,1961
2019,5.1,65+,M,325
2019,5.1,65+,F,242
2019,5.2,14-17,M,372
2019,5.2,14-17,F,16
2019,5.2,18-30,M,1524
2019,5.2,18-30,F,127
2019,5.2,31-40,M,923
2019,5.2,31-40,F,102
2019,5.2,41-64,M,603
2019,5.2,41-64,F,50
2019,5.2,65+,M,23
2019,5.2,65+,F,1
2019,5.2.1,14-17,M,102
2019,5.2.1,14-17,F,2
2019,5.2.1,18-30,M,433
2019,5.2.1,18-30,F,19
2019,5.2.1,31-40,M,296
2019,5.2.1,31-40,F,24
2019,5.2.1,41-64,M,195
2019,5.2.1,41-64,F,9
2019,5.2.1,65+,M,8
2019,5.2.1,65+,F,0
2019,5.2.2,14-17,M,77
2019,5.2.2,14-17,F,7
2019,5.2.2,18-30,M,417
2019,5.2.2,18-30,F,64
2019,5.2.2,31-40,M,172
2019,5.2.2,31-40,F,22
2019,5.2.2,41-64,M,139
2019,5.2.2,41-64,F,24
2019,5.2.2,65+,M,7
2019,5.2.2,65+,F,1
2019,5.2.3,14-17,M,98
2019,5.2.3,14-17,F,2
2019,5.2.3,18-30,M,378
2019,5.2.3,18-30,F,20
2019,5.2.3,31-40,M,276
2019,5.2.3,31-40,F,26
2019,5.2.3,41-64,M,125
2019,5.2.3,41-64,F,8
2019,5.2.3,65+,M,3
2019,5.2.3,65+,F,0
2019,5.3,14-17,M,1148
2019,5.3,14-17,F,107
2019,5.3,18-30,M,1540
2019,5.3,18-30,F,175
2019,5.3,31-40,M,480
2019,5.3,31-40,F,74
2019,5.3,41-64,M,372
2019,5.3,41-64,F,57
2019,5.3,65+,M,11
2019,5.3,65+,F,1
2019,5.3.1,14-17,M,842
2019,5.3.1,14-17,F,87
2019,5.3.1,18-30,M,1082
2019,5.3.1,18-30,F,95
2019,5.3.1,31-40,M,268
2019,5.3.1,31-40,F,31
2019,5.3.1,41-64,M,182
2019,5.3.1,41-64,F,20
2019,5.3.1,65+,M,2
2019,5.3.1,65+,F,0
2019,5.3.2,14-17,M,9
2019,5.3.2,14-17,F,0
2019,5.3.2,18-30,M,50
2019,5.3.2,18-30,F,13
2019,5.3.2,31-40,M,31
2019,5.3.2,31-40,F,5
2019,5.3.2,41-64,M,18
2019,5.3.2,41-64,F,2
2019,5.3.2,65+,M,1
2019,5.3.2,65+,F,0
2019,5.3.3,14-17,M,91
2019,5.3.3,14-17,F,8
2019,5.3.3,18-30,M,227
2019,5.3.3,18-30,F,51
2019,5.3.3,31-40,M,144
2019,5.3.3,31-40,F,32
2019,5.3.3,41-64,M,142
2019,5.3.3,41-64,F,29
2019,5.3.3,65+,M,8
2019,5.3.3,65+,F,1
2019,5.4,14-17,M,84
2019,5.4,14-17,F,0
2019,5.4,18-30,M,220
2019,5.4,18-30,F,21
2019,5.4,31-40,M,177
2019,5.4,31-40,F,16
2019,5.4,41-64,M,165
2019,5.4,41-64,F,17
2019,5.4,65+,M,4
2019,5.4,65+,F,0
2019,5.5,14-17,M,26
2019,5.5,14-17,F,9
2019,5.5,18-30,M,719
2019,5.5,18-30,F,304
2019,5.5,31-40,M,483
2019,5.5,31-40,F,173
2019,5.5,41-64,M,535
2019,5.5,41-64,F,223
2019,5.5,65+,M,47
2019,5.5,65+,F,16
2019,5.5.1,14-17,M,4
2019,5.5.1,14-17,F,0
2019,5.5.1,18-30,M,262
2019,5.5.1,18-30,F,116
2019,5.5.1,31-40,M,131
2019,5.5.1,31-40,F,36
2019,5.5.1,41-64,M,100
2019,5.5.1,41-64,F,53
2019,5.5.1,65+,M,12
2019,5.5.1,65+,F,2
2019,5.6,14-17,M,125
2019,5.6,14-17,F,8
2019,5.6,18-30,M,410
2019,5.6,18-30,F,45
2019,5.6,31-40,M,157
2019,5.6,31-40,F,33
2019,5.6,41-64,M,175
2019,5.6,41-64,F,38
2019,5.6,65+,M,22
2019,5.6,65+,F,6
2019,5.7,14-17,M,1
2019,5.7,14-17,F,0
2019,5.7,18-30,M,23
2019,5.7,18-30,F,6
2019,5.7,31-40,M,60
2019,5.7,31-40,F,8
2019,5.7,41-64,M,63
2019,5.7,41-64,F,4
2019,5.7,65+,M,2
2019,5.7,65+,F,0
2019,5.8,14-17,M,0
2019,5.8,14-17,F,0
2019,5.8,18-30,M,5
2019,5.8,18-30,F,6
2019,5.8,31-40,M,10
2019,5.8,31-40,F,5
2019,5.8,41-64,M,31
2019,5.8,41-64,F,10
2019,5.8,65+,M,2
2019,5.8,65+,F,2
2019,5.9,14-17,M,80
2019,5.9,14-17,F,14
2019,5.9,18-30,M,600
2019,5.9,18-30,F,226
2019,5.9,31-40,M,347
2019,5.9,31-40,F,131
2019,5.9,41-64,M,336
2019,5.9,41-64,F,136
2019,5.9,65+,M,33
2019,5.9,65+,F,7
2019,6,14-17,M,198
2019,6,14-17,F,17
2019,6,18-30,M,2437
2019,6,18-30,F,282
2019,6,31-40,M,1880
2019,6,31-40,F,187
2019,6,41-64,M,2009
2019,6,41-64,F,219
2019,6,65+,M,82
2019,6,65+,F,12
2019,6.1,14-17,M,125
2019,6.1,14-17,F,14
2019,6.1,18-30,M,1177
2019,6.1,18-30,F,139
2019,6.1,31-40,M,655
2019,6.1,31-40,F,82
2019,6.1,41-64,M,620
2019,6.1,41-64,F,97
2019,6.1,65+,M,30
2019,6.1,65+,F,6
2019,6.2,14-17,M,47
2019,6.2,14-17,F,2
2019,6.2,18-30,M,1194
2019,6.2,18-30,F,130
2019,6.2,31-40,M,1193
2019,6.2,31-40,F,99
2019,6.2,41-64,M,1349
2019,6.2,41-64,F,109
2019,6.2,65+,M,50
2019,6.2,65+,F,6
2019,6.3,14-17,M,26
2019,6.3,14-17,F,1
2019,6.3,18-30,M,66
2019,6.3,18-30,F,13
2019,6.3,31-40,M,32
2019,6.3,31-40,F,6
2019,6.3,41-64,M,40
2019,6.3,41-64,F,13
2019,6.3,65+,M,2
2019,6.3,65+,F,0
2019,7,14-17,M,23
2019,7,14-17,F,9
2019,7,18-30,M,573
2019,7,18-30,F,194
2019,7,31-40,M,438
2019,7,31-40,F,140
2019,7,41-64,M,356
2019,7,41-64,F,128
2019,7,65+,M,18
2019,7,65+,F,10
2019,8,14-17,M,0
2019,8,14-17,F,0
2019,8,18-30,M,3
2019,8,18-30,F,0
2019,8,31-40,M,7
2019,8,31-40,F,1
2019,8,41-64,M,38
2019,8,41-64,F,9
2019,8,65+,M,9
2019,8,65+,F,4
2019,9,14-17,M,26
2019,9,14-17,F,3
2019,9,18-30,M,857
2019,9,18-30,F,144
2019,9,31-40,M,837
2019,9,31-40,F,109
2019,9,41-64,M,985
2019,9,41-64,F,145
2019,9,65+,M,58
2019,9,65+,F,12
2019,10,14-17,M,206
2019,10,14-17,F,39
2019,10,18-30,M,1431
2019,10,18-30,F,221
2019,10,31-40,M,724
2019,10,31-40,F,180
2019,10,41-64,M,678
2019,10,41-64,F,181
2019,10,65+,M,35
2019,10,65+,F,8
2019,11,14-17,M,0
2019,11,14-17,F,0
2019,11,18-30,M,8
2019,11,18-30,F,3
2019,11,31-40,M,5
2019,11,31-40,F,1
2019,11,41-64,M,13
2019,11,41-64,F,2
2019,11,65+,M,4
2019,11,65+,F,0
2019,12,14-17,M,5
2019,12,14-17,F,1
2019,12,18-30,M,78
2019,12,18-30,F,13
2019,12,31-40,M,125
2019,12,31-40,F,28
2019,12,41-64,M,239
2019,12,41-64,F,69
2019,12,65+,M,37
2019,12,65+,F,8
2019,TOTAL,14-17,M,4208
2019,TOTAL,14-17,F,900
2019,TOTAL,18-30,M,21120
2019,TOTAL,18-30,F,5773
2019,TOTAL,31-40,M,15273
2019,TOTAL,31-40,F,3812
2019,TOTAL,41-64,M,15771
2019,TOTAL,41-64,F,4184
2019,TOTAL,65+,M,1227
2019,TOTAL,65+,F,385
2020,1,14-17,M,626
2020,1,14-17,F,173
2020,1,18-30,M,4197
2020,1,18-30,F,894
2020,1,31-40,M,3556
2020,1,31-40,F,734
2020,1,41-64,M,4361
2020,1,41-64,F,724
2020,1,65+,M,308
2020,1,65+,F,34
2020,1.1,14-17,M,17
2020,1.1,14-17,F,3
2020,1.1,18-30,M,62
2020,1.1,18-30,F,6
2020,1.1,31-40,M,26
2020,1.1,31-40,F,3
2020,1.1,41-64,M,36
2020,1.1,41-64,F,4
2020,1.1,65+,M,5
2020,1.1,65+,F,0
2020,1.1.1,14-17,M,9
2020,1.1.1,14-17,F,1
2020,1.1.1,18-30,M,25
2020,1.1.1,18-30,F,2
2020,1.1.1,31-40,M,3
2020,1.1.1,31-40,F,2
2020,1.1.1,41-64,M,12
2020,1.1.1,41-64,F,2
2020,1.1.1,65+,M,2
2020,1.1.1,65+,F,0
2020,1.2,14-17,M,239
2020,1.2,14-17,F,54
2020,1.2,18-30,M,982
2020,1.2,18-30,F,148
2020,1.2,31-40,M,559
2020,1.2,31-40,F,121
2020,1.2,41-64,M,637
2020,1.2,41-64,F,128
2020,1.2,65+,M,53
2020,1.2,65+,F,11
2020,1.3,14-17,M,290
2020,1.3,14-17,F,107
2020,1.3,18-30,M,2918
2020,1.3,18-30,F,711
2020,1.3,31-40,M,2909
2020,1.3,31-40,F,596
2020,1.3,41-64,M,3633
2020,1.3,41-64,F,575
2020,1.3,65+,M,245
2020,1.3,65+,F,21
2020,1.4,14-17,M,80
2020,1.4,14-17,F,9
2020,1.4,18-30,M,235
2020,1.4,18-30,F,29
2020,1.4,31-40,M,62
2020,1.4,31-40,F,14
2020,1.4,41-64,M,55
2020,1.4,41-64,F,17
2020,1.4,65+,M,5
2020,1.4,65+,F,2
2020,2,14-17,M,210
2020,2,14-17,F,67
2020,2,18-30,M,1069
2020,2,18-30,F,199
2020,2,31-40,M,1011
2020,2,31-40,F,218
2020,2,41-64,M,1461
2020,2,41-64,F,309
2020,2,65+,M,133
2020,2,65+,F,37
2020,2.1,14-17,M,20
2020,2.1,14-17,F,12
2020,2.1,18-30,M,182
2020,2.1,18-30,F,17
2020,2.1,31-40,M,206
2020,2.1,31-40,F,30
2020,2.1,41-64,M,291
2020,2.1,41-64,F,26
2020,2.1,65+,M,27
2020,2.1,65+,F,2
2020,2.2,14-17,M,190
2020,2.2,14-17,F,55
2020,2.2,18-30,M,887
2020,2.2,18-30,F,182
2020,2.2,31-40,M,805
2020,2.2,31-40,F,188
2020,2.2,41-64,M,1170
2020,2.2,41-64,F,283
2020,2.2,65+,M,106
2020,2.2,65+,F,35
2020,3,14-17,M,78
2020,3,14-17,F,2
2020,3,18-30,M,317
2020,3,18-30,F,14
2020,3,31-40,M,295
2020,3,31-40,F,3
2020,3,41-64,M,396
2020,3,41-64,F,7
2020,3,65+,M,55
2020,3,65+,F,0
2020,3.1,14-17,M,46
2020,3.1,14-17,F,0
2020,3.1,18-30,M,151
2020,3.1,18-30,F,6
2020,3.1,31-40,M,159
2020,3.1,31-40,F,2
2020,3.1,41-64,M,234
2020,3.1,41-64,F,1
2020,3.1,65+,M,37
2020,3.1,65+,F,0
2020,3.2,14-17,M,21
2020,3.2,14-17,F,0
2020,3.2,18-30,M,121
2020,3.2,18-30,F,2
2020,3.2,31-40,M,89
2020,3.2,31-40,F,0
2020,3.2,41-64,M,90
2020,3.2,41-64,F,0
2020,3.2,65+,M,6
2020,3.2,65+,F,0
2020,3.3,14-17,M,0
2020,3.3,14-17,F,0
2020,3.3,18-30,M,9
2020,3.3,18-30,F,0
2020,3.3,31-40,M,4
2020,3.3,31-40,F,0
2020,3.3,41-64,M,7
2020,3.3,41-64,F,1
2020,3.3,65+,M,1
2020,3.3,65+,F,0
2020,3.4,14-17,M,4
2020,3.4,14-17,F,1
2020,3.4,18-30,M,10
2020,3.4,18-30,F,0
2020,3.4,31-40,M,11
2020,3.4,31-40,F,0
2020,3.4,41-64,M,21
2020,3.4,41-64,F,0
2020,3.4,65+,M,5
2020,3.4,65+,F,0
2020,3.5,14-17,M,7
2020,3.5,14-17,F,1
2020,3.5,18-30,M,26
2020,3.5,18-30,F,6
2020,3.5,31-40,M,32
2020,3.5,31-40,F,1
2020,3.5,41-64,M,44
2020,3.5,41-64,F,5
2020,3.5,65+,M,6
2020,3.5,65+,F,0
2020,4,14-17,M,0
2020,4,14-17,F,0
2020,4,18-30,M,12
2020,4,18-30,F,19
2020,4,31-40,M,20
2020,4,31-40,F,12
2020,4,41-64,M,38
2020,4,41-64,F,20
2020,4,65+,M,6
2020,4,65+,F,6
2020,5,14-17,M,2268
2020,5,14-17,F,432
2020,5,18-30,M,8035
2020,5,18-30,F,2530
2020,5,31-40,M,5001
2020,5,31-40,F,1836
2020,5,41-64,M,4326
2020,5,41-64,F,1778
2020,5,65+,M,329
2020,5,65+,F,196
2020,5.1,14-17,M,516
2020,5.1,14-17,F,270
2020,5.1,18-30,M,3270
2020,5.1,18-30,F,1776
2020,5.1,31-40,M,2513
2020,5.1,31-40,F,1293
2020,5.1,41-64,M,2305
2020,5.1,41-64,F,1326
2020,5.1,65+,M,226
2020,5.1,65+,F,172
2020,5.2,14-17,M,439
2020,5.2,14-17,F,33
2020,5.2,18-30,M,1540
2020,5.2,18-30,F,103
2020,5.2,31-40,M,934
2020,5.2,31-40,F,81
2020,5.2,41-64,M,574
2020,5.2,41-64,F,47
2020,5.2,65+,M,11
2020,5.2,65+,F,0
2020,5.2.1,14-17,M,89
2020,5.2.1,14-17,F,4
2020,5.2.1,18-30,M,350
2020,5.2.1,18-30,F,22
2020,5.2.1,31-40,M,242
2020,5.2.1,31-40,F,19
2020,5.2.1,41-64,M,172
2020,5.2.1,41-64,F,11
2020,5.2.1,65+,M,2
2020,5.2.1,65+,F,0
2020,5.2.2,14-17,M,97
2020,5.2.2,14-17,F,18
2020,5.2.2,18-30,M,500
2020,5.2.2,18-30,F,38
2020,5.2.2,31-40,M,214
2020,5.2.2,31-40,F,13
2020,5.2.2,41-64,M,115
2020,5.2.2,41-64,F,21
2020,5.2.2,65+,M,6
2020,5.2.2,65+,F,0
2020,5.2.3,14-17,M,148
2020,5.2.3,14-17,F,6
2020,5.2.3,18-30,M,385
2020,5.2.3,18-30,F,23
2020,5.2.3,31-40,M,293
2020,5.2.3,31-40,F,34
2020,5.2.3,41-64,M,144
2020,5.2.3,41-64,F,8
2020,5.2.3,65+,M,2
2020,5.2.3,65+,F,0
2020,5.3,14-17,M,952
2020,5.3,14-17,F,91
2020,5.3,18-30,M,1455
2020,5.3,18-30,F,135
2020,5.3,31-40,M,467
2020,5.3,31-40,F,87
2020,5.3,41-64,M,396
2020,5.3,41-64,F,69
2020,5.3,65+,M,3
2020,5.3,65+,F,2
2020,5.3.1,14-17,M,678
2020,5.3.1,14-17,F,69
2020,5.3.1,18-30,M,955
2020,5.3.1,18-30,F,67
2020,5.3.1,31-40,M,250
2020,5.3.1,31-40,F,28
2020,5.3.1,41-64,M,180
2020,5.3.1,41-64,F,25
2020,5.3.1,65+,M,1
2020,5.3.1,65+,F,0
2020,5.3.2,14-17,M,17
2020,5.3.2,14-17,F,1
2020,5.3.2,18-30,M,68
2020,5.3.2,18-30,F,10
2020,5.3.2,31-40,M,38
2020,5.3.2,31-40,F,13
2020,5.3.2,41-64,M,27
2020,5.3.2,41-64,F,8
2020,5.3.2,65+,M,0
2020,5.3.2,65+,F,1
2020,5.3.3,14-17,M,75
2020,5.3.3,14-17,F,9
2020,5.3.3,18-30,M,229
2020,5.3.3,18-30,F,42
2020,5.3.3,31-40,M,141
2020,5.3.3,31-40,F,40
2020,5.3.3,41-64,M,170
2020,5.3.3,41-64,F,28
2020,5.3.3,65+,M,0
2020,5.3.3,65+,F,0
2020,5.4,14-17,M,114
2020,5.4,14-17,F,1
2020,5.4,18-30,M,163
2020,5.4,18-30,F,14
2020,5.4,31-40,M,172
2020,5.4,31-40,F,20
2020,5.4,41-64,M,112
2020,5.4,41-64,F,21
2020,5.4,65+,M,6
2020,5.4,65+,F,1
2020,5.5,14-17,M,28
2020,5.5,14-17,F,7
2020,5.5,18-30,M,583
2020,5.5,18-30,F,214
2020,5.5,31-40,M,392
2020,5.5,31-40,F,174
2020,5.5,41-64,M,381
2020,5.5,41-64,F,139
2020,5.5,65+,M,34
2020,5.5,65+,F,7
2020,5.5.1,14-17,M,21
2020,5.5.1,14-17,F,3
2020,5.5.1,18-30,M,317
2020,5.5.1,18-30,F,121
2020,5.5.1,31-40,M,178
2020,5.5.1,31-40,F,89
2020,5.5.1,41-64,M,131
2020,5.5.1,41-64,F,56
2020,5.5.1,65+,M,19
2020,5.5.1,65+,F,3
2020,5.6,14-17,M,125
2020,5.6,14-17,F,10
2020,5.6,18-30,M,313
2020,5.6,18-30,F,39
2020,5.6,31-40,M,136
2020,5.6,31-40,F,26
2020,5.6,41-64,M,165
2020,5.6,41-64,F,32
2020,5.6,65+,M,25
2020,5.6,65+,F,6
2020,5.7,14-17,M,0
2020,5.7,14-17,F,0
2020,5.7,18-30,M,12
2020,5.7,18-30,F,4
2020,5.7,31-40,M,21
2020,5.7,31-40,F,8
2020,5.7,41-64,M,22
2020,5.7,41-64,F,4
2020,5.7,65+,M,0
2020,5.7,65+,F,0
2020,5.8,14-17,M,0
2020,5.8,14-17,F,0
2020,5.8,18-30,M,24
2020,5.8,18-30,F,4
2020,5.8,31-40,M,12
2020,5.8,31-40,F,10
2020,5.8,41-64,M,41
2020,5.8,41-64,F,12
2020,5.8,65+,M,2
2020,5.8,65+,F,1
2020,5.9,14-17,M,94
2020,5.9,14-17,F,20
2020,5.9,18-30,M,675
2020,5.9,18-30,F,241
2020,5.9,31-40,M,354
2020,5.9,31-40,F,137
2020,5.9,41-64,M,330
2020,5.9,41-64,F,128
2020,5.9,65+,M,22
2020,5.9,65+,F,7
2020,6,14-17,M,141
2020,6,14-17,F,9
2020,6,18-30,M,2240
2020,6,18-30,F,232
2020,6,31-40,M,1703
2020,6,31-40,F,152
2020,6,41-64,M,1812
2020,6,41-64,F,195
2020,6,65+,M,71
2020,6,65+,F,8
2020,6.1,14-17,M,92
2020,6.1,14-17,F,5
2020,6.1,18-30,M,1072
2020,6.1,18-30,F,122
2020,6.1,31-40,M,676
2020,6.1,31-40,F,77
2020,6.1,41-64,M,613
2020,6.1,41-64,F,93
2020,6.1,65+,M,15
2020,6.1,65+,F,4
2020,6.2,14-17,M,44
2020,6.2,14-17,F,4
2020,6.2,18-30,M,1109
2020,6.2,18-30,F,97
2020,6.2,31-40,M,979
2020,6.2,31-40,F,65
2020,6.2,41-64,M,1140
2020,6.2,41-64,F,92
2020,6.2,65+,M,52
2020,6.2,65+,F,2
2020,6.3,14-17,M,5
2020,6.3,14-17,F,0
2020,6.3,18-30,M,59
2020,6.3,18-30,F,13
2020,6.3,31-40,M,48
2020,6.3,31-40,F,10
2020,6.3,41-64,M,59
2020,6.3,41-64,F,10
2020,6.3,65+,M,4
2020,6.3,65+,F,2
2020,7,14-17,M,25
2020,7,14-17,F,8
2020,7,18-30,M,482
2020,7,18-30,F,125
2020,7,31-40,M,375
2020,7,31-40,F,112
2020,7,41-64,M,287
2020,7,41-64,F,127
2020,7,65+,M,13
2020,7,65+,F,5
2020,8,14-17,M,0
2020,8,14-17,F,0
2020,8,18-30,M,3
2020,8,18-30,F,0
2020,8,31-40,M,5
2020,8,31-40,F,0
2020,8,41-64,M,7
2020,8,41-64,F,2
2020,8,65+,M,2
2020,8,65+,F,0
2020,9,14-17,M,24
2020,9,14-17,F,9
2020,9,18-30,M,947
2020,9,18-30,F,102
2020,9,31-40,M,846
2020,9,31-40,F,99
2020,9,41-64,M,1021
2020,9,41-64,F,138
2020,9,65+,M,50
2020,9,65+,F,9
2020,10,14-17,M,291
2020,10,14-17,F,54
2020,10,18-30,M,2028
2020,10,18-30,F,332
2020,10,31-40,M,1065
2020,10,31-40,F,237
2020,10,41-64,M,1162
2020,10,41-64,F,248
2020,10,65+,M,42
2020,10,65+,F,4
2020,11,14-17,M,0
2020,11,14-17,F,0
2020,11,18-30,M,6
2020,11,18-30,F,0
2020,11,31-40,M,9
2020,11,31-40,F,0
2020,11,41-64,M,15
2020,11,41-64,F,1
2020,11,65+,M,1
2020,11,65+,F,0
2020,12,14-17,M,7
2020,12,14-17,F,0
2020,12,18-30,M,42
2020,12,18-30,F,16
2020,12,31-40,M,88
2020,12,31-40,F,30
2020,12,41-64,M,201
2020,12,41-64,F,54
2020,12,65+,M,30
2020,12,65+,F,8
2020,TOTAL,14-17,M,3670
2020,TOTAL,14-17,F,754
2020,TOTAL,18-30,M,19378
2020,TOTAL,18-30,F,4463
2020,TOTAL,31-40,M,13974
2020,TOTAL,31-40,F,3433
2020,TOTAL,41-64,M,15087
2020,TOTAL,41-64,F,3603
2020,TOTAL,65+,M,1040
2020,TOTAL,65+,F,307
2021,1,14-17,M,794
2021,1,14-17,F,216
2021,1,18-30,M,4983
2021,1,18-30,F,1142
2021,1,31-40,M,4030
2021,1,31-40,F,902
2021,1,41-64,M,4756
2021,1,41-64,F,943
2021,1,65+,M,320
2021,1,65+,F,37
2021,1.1,14-17,M,18
2021,1.1,14-17,F,1
2021,1.1,18-30,M,59
2021,1.1,18-30,F,7
2021,1.1,31-40,M,25
2021,1.1,31-40,F,1
2021,1.1,41-64,M,46
2021,1.1,41-64,F,4
2021,1.1,65+,M,4
2021,1.1,65+,F,0
2021,1.1.1,14-17,M,5
2021,1.1.1,14-17,F,0
2021,1.1.1,18-30,M,12
2021,1.1.1,18-30,F,3
2021,1.1.1,31-40,M,7
2021,1.1.1,31-40,F,1
2021,1.1.1,41-64,M,20
2021,1.1.1,41-64,F,2
2021,1.1.1,65+,M,3
2021,1.1.1,65+,F,0
2021,1.2,14-17,M,335
2021,1.2,14-17,F,71
2021,1.2,18-30,M,1252
2021,1.2,18-30,F,199
2021,1.2,31-40,M,606
2021,1.2,31-40,F,141
2021,1.2,41-64,M,777
2021,1.2,41-64,F,148
2021,1.2,65+,M,53
2021,1.2,65+,F,12
2021,1.3,14-17,M,285
2021,1.3,14-17,F,137
2021,1.3,18-30,M,3348
2021,1.3,18-30,F,875
2021,1.3,31-40,M,3309
2021,1.3,31-40,F,732
2021,1.3,41-64,M,3863
2021,1.3,41-64,F,771
2021,1.3,65+,M,259
2021,1.3,65+,F,24
2021,1.4,14-17,M,156
2021,1.4,14-17,F,7
2021,1.4,18-30,M,324
2021,1.4,18-30,F,61
2021,1.4,31-40,M,90
2021,1.4,31-40,F,28
2021,1.4,41-64,M,70
2021,1.4,41-64,F,20
2021,1.4,65+,M,4
2021,1.4,65+,F,1
2021,2,14-17,M,295
2021,2,14-17,F,55
2021,2,18-30,M,1262
2021,2,18-30,F,213
2021,2,31-40,M,1140
2021,2,31-40,F,208
2021,2,41-64,M,1648
2021,2,41-64,F,365
2021,2,65+,M,119
2021,2,65+,F,16
2021,2.1,14-17,M,25
2021,2.1,14-17,F,8
2021,2.1,18-30,M,172
2021,2.1,18-30,F,30
2021,2.1,31-40,M,234
2021,2.1,31-40,F,26
2021,2.1,41-64,M,356
2021,2.1,41-64,F,39
2021,2.1,65+,M,27
2021,2.1,65+,F,1
2021,2.2,14-17,M,270
2021,2.2,14-17,F,47
2021,2.2,18-30,M,1090
2021,2.2,18-30,F,183
2021,2.2,31-40,M,906
2021,2.2,31-40,F,182
2021,2.2,41-64,M,1292
2021,2.2,41-64,F,326
2021,2.2,65+,M,92
2021,2.2,65+,F,15
2021,3,14-17,M,102
2021,3,14-17,F,0
2021,3,18-30,M,504
2021,3,18-30,F,13
2021,3,31-40,M,317
2021,3,31-40,F,7
2021,3,41-64,M,472
2021,3,41-64,F,12
2021,3,65+,M,56
2021,3,65+,F,2
2021,3.1,14-17,M,71
2021,3.1,14-17,F,0
2021,3.1,18-30,M,257
2021,3.1,18-30,F,4
2021,3.1,31-40,M,173
2021,3.1,31-40,F,5
2021,3.1,41-64,M,282
2021,3.1,41-64,F,2
2021,3.1,65+,M,39
2021,3.1,65+,F,1
2021,3.2,14-17,M,27
2021,3.2,14-17,F,0
2021,3.2,18-30,M,185
2021,3.2,18-30,F,2
2021,3.2,31-40,M,89
2021,3.2,31-40,F,0
2021,3.2,41-64,M,98
2021,3.2,41-64,F,1
2021,3.2,65+,M,8
2021,3.2,65+,F,0
2021,3.3,14-17,M,1
2021,3.3,14-17,F,0
2021,3.3,18-30,M,11
2021,3.3,18-30,F,1
2021,3.3,31-40,M,5
2021,3.3,31-40,F,0
2021,3.3,41-64,M,6
2021,3.3,41-64,F,1
2021,3.3,65+,M,0
2021,3.3,65+,F,0
2021,3.4,14-17,M,0
2021,3.4,14-17,F,0
2021,3.4,18-30,M,19
2021,3.4,18-30,F,0
2021,3.4,31-40,M,16
2021,3.4,31-40,F,0
2021,3.4,41-64,M,30
2021,3.4,41-64,F,2
2021,3.4,65+,M,3
2021,3.4,65+,F,0
2021,3.5,14-17,M,3
2021,3.5,14-17,F,0
2021,3.5,18-30,M,32
2021,3.5,18-30,F,6
2021,3.5,31-40,M,34
2021,3.5,31-40,F,2
2021,3.5,41-64,M,56
2021,3.5,41-64,F,6
2021,3.5,65+,M,6
2021,3.5,65+,F,1
2021,4,14-17,M,1
2021,4,14-17,F,0
2021,4,18-30,M,25
2021,4,18-30,F,24
2021,4,31-40,M,40
2021,4,31-40,F,35
2021,4,41-64,M,39
2021,4,41-64,F,19
2021,4,65+,M,13
2021,4,65+,F,0
2021,5,14-17,M,2104
2021,5,14-17,F,505
2021,5,18-30,M,8802
2021,5,18-30,F,3072
2021,5,31-40,M,5123
2021,5,31-40,F,1930
2021,5,41-64,M,4806
2021,5,41-64,F,2154
2021,5,65+,M,411
2021,5,65+,F,252
2021,5.1,14-17,M,500
2021,5.1,14-17,F,359
2021,5.1,18-30,M,3655
2021,5.1,18-30,F,2206
2021,5.1,31-40,M,2637
2021,5.1,31-40,F,1421
2021,5.1,41-64,M,2701
2021,5.1,41-64,F,1678
2021,5.1,65+,M,304
2021,5.1,65+,F,223
2021,5.2,14-17,M,349
2021,5.2,14-17,F,13
2021,5.2,18-30,M,1482
2021,5.2,18-30,F,110
2021,5.2,31-40,M,822
2021,5.2,31-40,F,90
2021,5.2,41-64,M,581
2021,5.2,41-64,F,54
2021,5.2,65+,M,10
2021,5.2,65+,F,0
2021,5.2.1,14-17,M,90
2021,5.2.1,14-17,F,2
2021,5.2.1,18-30,M,381
2021,5.2.1,18-30,F,16
2021,5.2.1,31-40,M,189
2021,5.2.1,31-40,F,25
2021,5.2.1,41-64,M,178
2021,5.2.1,41-64,F,10
2021,5.2.1,65+,M,4
2021,5.2.1,65+,F,0
2021,5.2.2,14-17,M,77
2021,5.2.2,14-17,F,5
2021,5.2.2,18-30,M,368
2021,5.2.2,18-30,F,62
2021,5.2.2,31-40,M,184
2021,5.2.2,31-40,F,31
2021,5.2.2,41-64,M,123
2021,5.2.2,41-64,F,26
2021,5.2.2,65+,M,3
2021,5.2.2,65+,F,0
2021,5.2.3,14-17,M,100
2021,5.2.3,14-17,F,4
2021,5.2.3,18-30,M,385
2021,5.2.3,18-30,F,18
2021,5.2.3,31-40,M,195
2021,5.2.3,31-40,F,22
2021,5.2.3,41-64,M,130
2021,5.2.3,41-64,F,8
2021,5.2.3,65+,M,2
2021,5.2.3,65+,F,0
2021,5.3,14-17,M,950
2021,5.3,14-17,F,94
2021,5.3,18-30,M,1659
2021,5.3,18-30,F,184
2021,5.3,31-40,M,510
2021,5.3,31-40,F,97
2021,5.3,41-64,M,424
2021,5.3,41-64,F,90
2021,5.3,65+,M,9
2021,5.3,65+,F,1
2021,5.3.1,14-17,M,697
2021,5.3.1,14-17,F,60
2021,5.3.1,18-30,M,1142
2021,5.3.1,18-30,F,105
2021,5.3.1,31-40,M,296
2021,5.3.1,31-40,F,40
2021,5.3.1,41-64,M,183
2021,5.3.1,41-64,F,24
2021,5.3.1,65+,M,0
2021,5.3.1,65+,F,1
2021,5.3.2,14-17,M,20
2021,5.3.2,14-17,F,2
2021,5.3.2,18-30,M,71
2021,5.3.2,18-30,F,8
2021,5.3.2,31-40,M,32
2021,5.3.2,31-40,F,10
2021,5.3.2,41-64,M,30
2021,5.3.2,41-64,F,7
2021,5.3.2,65+,M,1
2021,5.3.2,65+,F,0
2021,5.3.3,14-17,M,62
2021,5.3.3,14-17,F,7
2021,5.3.3,18-30,M,229
2021,5.3.3,18-30,F,54
2021,5.3.3,31-40,M,143
2021,5.3.3,31-40,F,39
2021,5.3.3,41-64,M,170
2021,5.3.3,41-64,F,55
2021,5.3.3,65+,M,6
2021,5.3.3,65+,F,0
2021,5.4,14-17,M,52
2021,5.4,14-17,F,5
2021,5.4,18-30,M,161
2021,5.4,18-30,F,8
2021,5.4,31-40,M,139
2021,5.4,31-40,F,11
2021,5.4,41-64,M,138
2021,5.4,41-64,F,15
2021,5.4,65+,M,5
2021,5.4,65+,F,1
2021,5.5,14-17,M,36
2021,5.5,14-17,F,8
2021,5.5,18-30,M,738
2021,5.5,18-30,F,259
2021,5.5,31-40,M,463
2021,5.5,31-40,F,159
2021,5.5,41-64,M,444
2021,5.5,41-64,F,171
2021,5.5,65+,M,45
2021,5.5,65+,F,14
2021,5.5.1,14-17,M,11
2021,5.5.1,14-17,F,3
2021,5.5.1,18-30,M,428
2021,5.5.1,18-30,F,157
2021,5.5.1,31-40,M,199
2021,5.5.1,31-40,F,69
2021,5.5.1,41-64,M,160
2021,5.5.1,41-64,F,57
2021,5.5.1,65+,M,21
2021,5.5.1,65+,F,8
2021,5.6,14-17,M,140
2021,5.6,14-17,F,13
2021,5.6,18-30,M,436
2021,5.6,18-30,F,48
2021,5.6,31-40,M,182
2021,5.6,31-40,F,27
2021,5.6,41-64,M,186
2021,5.6,41-64,F,34
2021,5.6,65+,M,19
2021,5.6,65+,F,4
2021,5.7,14-17,M,0
2021,5.7,14-17,F,0
2021,5.7,18-30,M,11
2021,5.7,18-30,F,2
2021,5.7,31-40,M,25
2021,5.7,31-40,F,4
2021,5.7,41-64,M,28
2021,5.7,41-64,F,3
2021,5.7,65+,M,0
2021,5.7,65+,F,1
2021,5.8,14-17,M,0
2021,5.8,14-17,F,0
2021,5.8,18-30,M,11
2021,5.8,18-30,F,3
2021,5.8,31-40,M,24
2021,5.8,31-40,F,10
2021,5.8,41-64,M,26
2021,5.8,41-64,F,6
2021,5.8,65+,M,1
2021,5.8,65+,F,0
2021,5.9,14-17,M,77
2021,5.9,14-17,F,13
2021,5.9,18-30,M,649
2021,5.9,18-30,F,252
2021,5.9,31-40,M,321
2021,5.9,31-40,F,111
2021,5.9,41-64,M,278
2021,5.9,41-64,F,103
2021,5.9,65+,M,18
2021,5.9,65+,F,8
2021,6,14-17,M,147
2021,6,14-17,F,12
2021,6,18-30,M,2370
2021,6,18-30,F,293
2021,6,31-40,M,1837
2021,6,31-40,F,202
2021,6,41-64,M,1983
2021,6,41-64,F,228
2021,6,65+,M,75
2021,6,65+,F,8
2021,6.1,14-17,M,82
2021,6.1,14-17,F,9
2021,6.1,18-30,M,1063
2021,6.1,18-30,F,166
2021,6.1,31-40,M,699
2021,6.1,31-40,F,106
2021,6.1,41-64,M,653
2021,6.1,41-64,F,122
2021,6.1,65+,M,25
2021,6.1,65+,F,2
2021,6.2,14-17,M,53
2021,6.2,14-17,F,3
2021,6.2,18-30,M,1274
2021,6.2,18-30,F,124
2021,6.2,31-40,M,1117
2021,6.2,31-40,F,91
2021,6.2,41-64,M,1285
2021,6.2,41-64,F,92
2021,6.2,65+,M,48
2021,6.2,65+,F,4
2021,6.3,14-17,M,12
2021,6.3,14-17,F,0
2021,6.3,18-30,M,33
2021,6.3,18-30,F,3
2021,6.3,31-40,M,21
2021,6.3,31-40,F,5
2021,6.3,41-64,M,45
2021,6.3,41-64,F,14
2021,6.3,65+,M,2
2021,6.3,65+,F,2
2021,7,14-17,M,21
2021,7,14-17,F,2
2021,7,18-30,M,570
2021,7,18-30,F,185
2021,7,31-40,M,470
2021,7,31-40,F,174
2021,7,41-64,M,405
2021,7,41-64,F,121
2021,7,65+,M,28
2021,7,65+,F,6
2021,8,14-17,M,1
2021,8,14-17,F,0
2021,8,18-30,M,4
2021,8,18-30,F,0
2021,8,31-40,M,13
2021,8,31-40,F,3
2021,8,41-64,M,26
2021,8,41-64,F,8
2021,8,65+,M,5
2021,8,65+,F,1
2021,9,14-17,M,19
2021,9,14-17,F,8
2021,9,18-30,M,1057
2021,9,18-30,F,136
2021,9,31-40,M,948
2021,9,31-40,F,88
2021,9,41-64,M,1144
2021,9,41-64,F,156
2021,9,65+,M,78
2021,9,65+,F,14
2021,10,14-17,M,366
2021,10,14-17,F,63
2021,10,18-30,M,2190
2021,10,18-30,F,394
2021,10,31-40,M,1053
2021,10,31-40,F,241
2021,10,41-64,M,1049
2021,10,41-64,F,245
2021,10,65+,M,59
2021,10,65+,F,6
2021,11,14-17,M,0
2021,11,14-17,F,0
2021,11,18-30,M,6
2021,11,18-30,F,1
2021,11,31-40,M,8
2021,11,31-40,F,1
2021,11,41-64,M,21
2021,11,41-64,F,1
2021,11,65+,M,0
2021,11,65+,F,0
2021,12,14-17,M,12
2021,12,14-17,F,0
2021,12,18-30,M,42
2021,12,18-30,F,29
2021,12,31-40,M,96
2021,12,31-40,F,35
2021,12,41-64,M,237
2021,12,41-64,F,58
2021,12,65+,M,29
2021,12,65+,F,4
2021,TOTAL,14-17,M,3862
2021,TOTAL,14-17,F,861
2021,TOTAL,18-30,M,21815
2021,TOTAL,18-30,F,5502
2021,TOTAL,31-40,M,15075
2021,TOTAL,31-40,F,3826
2021,TOTAL,41-64,M,16586
2021,TOTAL,41-64,F,4310
2021,TOTAL,65+,M,1193
2021,TOTAL,65+,F,346
2022,1,14-17,M,885
2022,1,14-17,F,205
2022,1,18-30,M,5756
2022,1,18-30,F,1345
2022,1,31-40,M,4658
2022,1,31-40,F,1078
2022,1,41-64,M,5419
2022,1,41-64,F,1136
2022,1,65+,M,321
2022,1,65+,F,28
2022,1.1,14-17,M,50
2022,1.1,14-17,F,5
2022,1.1,18-30,M,88
2022,1.1,18-30,F,1
2022,1.1,31-40,M,34
2022,1.1,31-40,F,9
2022,1.1,41-64,M,33
2022,1.1,41-64,F,10
2022,1.1,65+,M,3
2022,1.1,65+,F,0
2022,1.1.1,14-17,M,10
2022,1.1.1,14-17,F,1
2022,1.1.1,18-30,M,21
2022,1.1.1,18-30,F,0
2022,1.1.1,31-40,M,12
2022,1.1.1,31-40,F,4
2022,1.1.1,41-64,M,10
2022,1.1.1,41-64,F,3
2022,1.1.1,65+,M,1
2022,1.1.1,65+,F,0
2022,1.2,14-17,M,374
2022,1.2,14-17,F,61
2022,1.2,18-30,M,1497
2022,1.2,18-30,F,224
2022,1.2,31-40,M,739
2022,1.2,31-40,F,176
2022,1.2,41-64,M,914
2022,1.2,41-64,F,174
2022,1.2,65+,M,53
2022,1.2,65+,F,11
2022,1.3,14-17,M,320
2022,1.3,14-17,F,132
2022,1.3,18-30,M,3739
2022,1.3,18-30,F,1057
2022,1.3,31-40,M,3774
2022,1.3,31-40,F,865
2022,1.3,41-64,M,4389
2022,1.3,41-64,F,928
2022,1.3,65+,M,261
2022,1.3,65+,F,16
2022,1.4,14-17,M,141
2022,1.4,14-17,F,7
2022,1.4,18-30,M,432
2022,1.4,18-30,F,63
2022,1.4,31-40,M,111
2022,1.4,31-40,F,28
2022,1.4,41-64,M,83
2022,1.4,41-64,F,24
2022,1.4,65+,M,4
2022,1.4,65+,F,1
2022,2,14-17,M,343
2022,2,14-17,F,83
2022,2,18-30,M,1519
2022,2,18-30,F,243
2022,2,31-40,M,1229
2022,2,31-40,F,230
2022,2,41-64,M,1823
2022,2,41-64,F,394
2022,2,65+,M,130
2022,2,65+,F,22
2022,2.1,14-17,M,13
2022,2.1,14-17,F,8
2022,2.1,18-30,M,164
2022,2.1,18-30,F,23
2022,2.1,31-40,M,210
2022,2.1,31-40,F,23
2022,2.1,41-64,M,298
2022,2.1,41-64,F,52
2022,2.1,65+,M,18
2022,2.1,65+,F,1
2022,2.2,14-17,M,330
2022,2.2,14-17,F,75
2022,2.2,18-30,M,1355
2022,2.2,18-30,F,220
2022,2.2,31-40,M,1019
2022,2.2,31-40,F,207
2022,2.2,41-64,M,1525
2022,2.2,41-64,F,342
2022,2.2,65+,M,112
2022,2.2,65+,F,21
2022,3,14-17,M,110
2022,3,14-17,F,3
2022,3,18-30,M,520
2022,3,18-30,F,16
2022,3,31-40,M,367
2022,3,31-40,F,10
2022,3,41-64,M,522
2022,3,41-64,F,11
2022,3,65+,M,78
2022,3,65+,F,0
2022,3.1,14-17,M,57
2022,3.1,14-17,F,1
2022,3.1,18-30,M,252
2022,3.1,18-30,F,2
2022,3.1,31-40,M,208
2022,3.1,31-40,F,3
2022,3.1,41-64,M,306
2022,3.1,41-64,F,1
2022,3.1,65+,M,49
2022,3.1,65+,F,0
2022,3.2,14-17,M,40
2022,3.2,14-17,F,2
2022,3.2,18-30,M,194
2022,3.2,18-30,F,2
2022,3.2,31-40,M,98
2022,3.2,31-40,F,1
2022,3.2,41-64,M,102
2022,3.2,41-64,F,1
2022,3.2,65+,M,11
2022,3.2,65+,F,0
2022,3.3,14-17,M,5
2022,3.3,14-17,F,0
2022,3.3,18-30,M,11
2022,3.3,18-30,F,2
2022,3.3,31-40,M,5
2022,3.3,31-40,F,1
2022,3.3,41-64,M,4
2022,3.3,41-64,F,2
2022,3.3,65+,M,3
2022,3.3,65+,F,0
2022,3.4,14-17,M,6
2022,3.4,14-17,F,0
2022,3.4,18-30,M,18
2022,3.4,18-30,F,0
2022,3.4,31-40,M,13
2022,3.4,31-40,F,0
2022,3.4,41-64,M,29
2022,3.4,41-64,F,1
2022,3.4,65+,M,2
2022,3.4,65+,F,0
2022,3.5,14-17,M,2
2022,3.5,14-17,F,0
2022,3.5,18-30,M,45
2022,3.5,18-30,F,10
2022,3.5,31-40,M,43
2022,3.5,31-40,F,5
2022,3.5,41-64,M,81
2022,3.5,41-64,F,6
2022,3.5,65+,M,13
2022,3.5,65+,F,0
2022,4,14-17,M,0
2022,4,14-17,F,0
2022,4,18-30,M,19
2022,4,18-30,F,29
2022,4,31-40,M,32
2022,4,31-40,F,30
2022,4,41-64,M,44
2022,4,41-64,F,16
2022,4,65+,M,1
2022,4,65+,F,0
2022,5,14-17,M,1984
2022,5,14-17,F,569
2022,5,18-30,M,10581
2022,5,18-30,F,3668
2022,5,31-40,M,6241
2022,5,31-40,F,2088
2022,5,41-64,M,6277
2022,5,41-64,F,2567
2022,5,65+,M,381
2022,5,65+,F,225
2022,5.1,14-17,M,551
2022,5.1,14-17,F,460
2022,5.1,18-30,M,4629
2022,5.1,18-30,F,2760
2022,5.1,31-40,M,3204
2022,5.1,31-40,F,1553
2022,5.1,41-64,M,3560
2022,5.1,41-64,F,1983
2022,5.1,65+,M,275
2022,5.1,65+,F,193
2022,5.2,14-17,M,235
2022,5.2,14-17,F,14
2022,5.2,18-30,M,1483
2022,5.2,18-30,F,105
2022,5.2,31-40,M,1102
2022,5.2,31-40,F,115
2022,5.2,41-64,M,808
2022,5.2,41-64,F,60
2022,5.2,65+,M,10
2022,5.2,65+,F,2
2022,5.2.1,14-17,M,91
2022,5.2.1,14-17,F,4
2022,5.2.1,18-30,M,409
2022,5.2.1,18-30,F,13
2022,5.2.1,31-40,M,340
2022,5.2.1,31-40,F,43
2022,5.2.1,41-64,M,260
2022,5.2.1,41-64,F,15
2022,5.2.1,65+,M,3
2022,5.2.1,65+,F,0
2022,5.2.2,14-17,M,47
2022,5.2.2,14-17,F,6
2022,5.2.2,18-30,M,414
2022,5.2.2,18-30,F,67
2022,5.2.2,31-40,M,220
2022,5.2.2,31-40,F,36
2022,5.2.2,41-64,M,140
2022,5.2.2,41-64,F,20
2022,5.2.2,65+,M,1
2022,5.2.2,65+,F,2
2022,5.2.3,14-17,M,46
2022,5.2.3,14-17,F,3
2022,5.2.3,18-30,M,339
2022,5.2.3,18-30,F,12
2022,5.2.3,31-40,M,288
2022,5.2.3,31-40,F,19
2022,5.2.3,41-64,M,211
2022,5.2.3,41-64,F,7
2022,5.2.3,65+,M,0
2022,5.2.3,65+,F,0
2022,5.3,14-17,M,979
2022,5.3,14-17,F,71
2022,5.3,18-30,M,2026
2022,5.3,18-30,F,181
2022,5.3,31-40,M,590
2022,5.3,31-40,F,83
2022,5.3,41-64,M,507
2022,5.3,41-64,F,107
2022,5.3,65+,M,16
2022,5.3,65+,F,2
2022,5.3.1,14-17,M,680
2022,5.3.1,14-17,F,34
2022,5.3.1,18-30,M,1374
2022,5.3.1,18-30,F,84
2022,5.3.1,31-40,M,335
2022,5.3.1,31-40,F,35
2022,5.3.1,41-64,M,225
2022,5.3.1,41-64,F,27
2022,5.3.1,65+,M,5
2022,5.3.1,65+,F,0
2022,5.3.2,14-17,M,26
2022,5.3.2,14-17,F,4
2022,5.3.2,18-30,M,69
2022,5.3.2,18-30,F,9
2022,5.3.2,31-40,M,24
2022,5.3.2,31-40,F,7
2022,5.3.2,41-64,M,15
2022,5.3.2,41-64,F,5
2022,5.3.2,65+,M,0
2022,5.3.2,65+,F,0
2022,5.3.3,14-17,M,69
2022,5.3.3,14-17,F,10
2022,5.3.3,18-30,M,304
2022,5.3.3,18-30,F,67
2022,5.3.3,31-40,M,183
2022,5.3.3,31-40,F,35
2022,5.3.3,41-64,M,226
2022,5.3.3,41-64,F,72
2022,5.3.3,65+,M,10
2022,5.3.3,65+,F,2
2022,5.4,14-17,M,42
2022,5.4,14-17,F,1
2022,5.4,18-30,M,193
2022,5.4,18-30,F,18
2022,5.4,31-40,M,171
2022,5.4,31-40,F,21
2022,5.4,41-64,M,175
2022,5.4,41-64,F,17
2022,5.4,65+,M,10
2022,5.4,65+,F,0
2022,5.5,14-17,M,27
2022,5.5,14-17,F,9
2022,5.5,18-30,M,972
2022,5.5,18-30,F,294
2022,5.5,31-40,M,481
2022,5.5,31-40,F,150
2022,5.5,41-64,M,508
2022,5.5,41-64,F,211
2022,5.5,65+,M,20
2022,5.5,65+,F,8
2022,5.5.1,14-17,M,8
2022,5.5.1,14-17,F,2
2022,5.5.1,18-30,M,621
2022,5.5.1,18-30,F,184
2022,5.5.1,31-40,M,196
2022,5.5.1,31-40,F,85
2022,5.5.1,41-64,M,216
2022,5.5.1,41-64,F,93
2022,5.5.1,65+,M,10
2022,5.5.1,65+,F,4
2022,5.6,14-17,M,89
2022,5.6,14-17,F,5
2022,5.6,18-30,M,603
2022,5.6,18-30,F,82
2022,5.6,31-40,M,221
2022,5.6,31-40,F,32
2022,5.6,41-64,M,220
2022,5.6,41-64,F,35
2022,5.6,65+,M,24
2022,5.6,65+,F,9
2022,5.7,14-17,M,0
2022,5.7,14-17,F,0
2022,5.7,18-30,M,26
2022,5.7,18-30,F,3
2022,5.7,31-40,M,68
2022,5.7,31-40,F,5
2022,5.7,41-64,M,56
2022,5.7,41-64,F,10
2022,5.7,65+,M,2
2022,5.7,65+,F,0
2022,5.8,14-17,M,0
2022,5.8,14-17,F,0
2022,5.8,18-30,M,11
2022,5.8,18-30,F,4
2022,5.8,31-40,M,36
2022,5.8,31-40,F,14
2022,5.8,41-64,M,72
2022,5.8,41-64,F,10
2022,5.8,65+,M,4
2022,5.8,65+,F,2
2022,5.9,14-17,M,61
2022,5.9,14-17,F,9
2022,5.9,18-30,M,638
2022,5.9,18-30,F,221
2022,5.9,31-40,M,368
2022,5.9,31-40,F,115
2022,5.9,41-64,M,371
2022,5.9,41-64,F,134
2022,5.9,65+,M,20
2022,5.9,65+,F,9
2022,6,14-17,M,149
2022,6,14-17,F,16
2022,6,18-30,M,2768
2022,6,18-30,F,354
2022,6,31-40,M,2145
2022,6,31-40,F,285
2022,6,41-64,M,2463
2022,6,41-64,F,271
2022,6,65+,M,90
2022,6,65+,F,6
2022,6.1,14-17,M,93
2022,6.1,14-17,F,12
2022,6.1,18-30,M,1282
2022,6.1,18-30,F,213
2022,6.1,31-40,M,831
2022,6.1,31-40,F,150
2022,6.1,41-64,M,831
2022,6.1,41-64,F,138
2022,6.1,65+,M,28
2022,6.1,65+,F,6
2022,6.2,14-17,M,50
2022,6.2,14-17,F,4
2022,6.2,18-30,M,1428
2022,6.2,18-30,F,131
2022,6.2,31-40,M,1263
2022,6.2,31-40,F,124
2022,6.2,41-64,M,1566
2022,6.2,41-64,F,119
2022,6.2,65+,M,53
2022,6.2,65+,F,0
2022,6.3,14-17,M,6
2022,6.3,14-17,F,0
2022,6.3,18-30,M,58
2022,6.3,18-30,F,10
2022,6.3,31-40,M,51
2022,6.3,31-40,F,11
2022,6.3,41-64,M,66
2022,6.3,41-64,F,14
2022,6.3,65+,M,9
2022,6.3,65+,F,0
2022,7,14-17,M,59
2022,7,14-17,F,32
2022,7,18-30,M,919
2022,7,18-30,F,137
2022,7,31-40,M,549
2022,7,31-40,F,94
2022,7,41-64,M,392
2022,7,41-64,F,117
2022,7,65+,M,16
2022,7,65+,F,3
2022,8,14-17,M,2
2022,8,14-17,F,0
2022,8,18-30,M,3
2022,8,18-30,F,0
2022,8,31-40,M,3
2022,8,31-40,F,1
2022,8,41-64,M,14
2022,8,41-64,F,5
2022,8,65+,M,3
2022,8,65+,F,2
2022,9,14-17,M,23
2022,9,14-17,F,7
2022,9,18-30,M,1096
2022,9,18-30,F,116
2022,9,31-40,M,1066
2022,9,31-40,F,98
2022,9,41-64,M,1188
2022,9,41-64,F,176
2022,9,65+,M,46
2022,9,65+,F,8
2022,10,14-17,M,295
2022,10,14-17,F,36
2022,10,18-30,M,1947
2022,10,18-30,F,325
2022,10,31-40,M,1014
2022,10,31-40,F,226
2022,10,41-64,M,991
2022,10,41-64,F,266
2022,10,65+,M,40
2022,10,65+,F,9
2022,11,14-17,M,0
2022,11,14-17,F,0
2022,11,18-30,M,1
2022,11,18-30,F,2
2022,11,31-40,M,6
2022,11,31-40,F,1
2022,11,41-64,M,6
2022,11,41-64,F,1
2022,11,65+,M,0
2022,11,65+,F,0
2022,12,14-17,M,9
2022,12,14-17,F,2
2022,12,18-30,M,66
2022,12,18-30,F,18
2022,12,31-40,M,97
2022,12,31-40,F,42
2022,12,41-64,M,287
2022,12,41-64,F,70
2022,12,65+,M,24
2022,12,65+,F,3
2022,TOTAL,14-17,M,3859
2022,TOTAL,14-17,F,953
2022,TOTAL,18-30,M,25195
2022,TOTAL,18-30,F,6253
2022,TOTAL,31-40,M,17407
2022,TOTAL,31-40,F,4183
2022,TOTAL,41-64,M,19426
2022,TOTAL,41-64,F,5030
2022,TOTAL,65+,M,1130
2022,TOTAL,65+,F,306
2023,1,14-17,M,750
2023,1,14-17,F,229
2023,1,18-30,M,6068
2023,1,18-30,F,1470
2023,1,31-40,M,5168
2023,1,31-40,F,1252
2023,1,41-64,M,5932
2023,1,41-64,F,1351
2023,1,65+,M,377
2023,1,65+,F,57
2023,1.1,14-17,M,38
2023,1.1,14-17,F,0
2023,1.1,18-30,M,103
2023,1.1,18-30,F,6
2023,1.1,31-40,M,39
2023,1.1,31-40,F,7
2023,1.1,41-64,M,47
2023,1.1,41-64,F,3
2023,1.1,65+,M,1
2023,1.1,65+,F,1
2023,1.1.1,14-17,M,5
2023,1.1.1,14-17,F,0
2023,1.1.1,18-30,M,25
2023,1.1.1,18-30,F,2
2023,1.1.1,31-40,M,4
2023,1.1.1,31-40,F,2
2023,1.1.1,41-64,M,10
2023,1.1.1,41-64,F,2
2023,1.1.1,65+,M,0
2023,1.1.1,65+,F,0
2023,1.2,14-17,M,270
2023,1.2,14-17,F,77
2023,1.2,18-30,M,1515
2023,1.2,18-30,F,238
2023,1.2,31-40,M,783
2023,1.2,31-40,F,189
2023,1.2,41-64,M,966
2023,1.2,41-64,F,239
2023,1.2,65+,M,60
2023,1.2,65+,F,18
2023,1.3,14-17,M,307
2023,1.3,14-17,F,129
2023,1.3,18-30,M,3903
2023,1.3,18-30,F,1145
2023,1.3,31-40,M,4156
2023,1.3,31-40,F,1020
2023,1.3,41-64,M,4771
2023,1.3,41-64,F,1072
2023,1.3,65+,M,311
2023,1.3,65+,F,37
2023,1.4,14-17,M,135
2023,1.4,14-17,F,23
2023,1.4,18-30,M,547
2023,1.4,18-30,F,81
2023,1.4,31-40,M,190
2023,1.4,31-40,F,36
2023,1.4,41-64,M,148
2023,1.4,41-64,F,37
2023,1.4,65+,M,5
2023,1.4,65+,F,1
2023,2,14-17,M,375
2023,2,14-17,F,77
2023,2,18-30,M,1644
2023,2,18-30,F,303
2023,2,31-40,M,1444
2023,2,31-40,F,292
2023,2,41-64,M,2206
2023,2,41-64,F,462
2023,2,65+,M,172
2023,2,65+,F,43
2023,2.1,14-17,M,24
2023,2.1,14-17,F,6
2023,2.1,18-30,M,206
2023,2.1,18-30,F,32
2023,2.1,31-40,M,252
2023,2.1,31-40,F,23
2023,2.1,41-64,M,359
2023,2.1,41-64,F,34
2023,2.1,65+,M,41
2023,2.1,65+,F,4
2023,2.2,14-17,M,351
2023,2.2,14-17,F,71
2023,2.2,18-30,M,1438
2023,2.2,18-30,F,271
2023,2.2,31-40,M,1192
2023,2.2,31-40,F,269
2023,2.2,41-64,M,1847
2023,2.2,41-64,F,428
2023,2.2,65+,M,131
2023,2.2,65+,F,39
2023,3,14-17,M,122
2023,3,14-17,F,6
2023,3,18-30,M,626
2023,3,18-30,F,27
2023,3,31-40,M,430
2023,3,31-40,F,22
2023,3,41-64,M,648
2023,3,41-64,F,32
2023,3,65+,M,83
2023,3,65+,F,2
2023,3.1,14-17,M,75
2023,3.1,14-17,F,5
2023,3.1,18-30,M,307
2023,3.1,18-30,F,4
2023,3.1,31-40,M,234
2023,3.1,31-40,F,8
2023,3.1,41-64,M,386
2023,3.1,41-64,F,10
2023,3.1,65+,M,58
2023,3.1,65+,F,1
2023,3.2,14-17,M,30
2023,3.2,14-17,F,0
2023,3.2,18-30,M,215
2023,3.2,18-30,F,5
2023,3.2,31-40,M,125
2023,3.2,31-40,F,3
2023,3.2,41-64,M,134
2023,3.2,41-64,F,1
2023,3.2,65+,M,6
2023,3.2,65+,F,0
2023,3.3,14-17,M,1
2023,3.3,14-17,F,1
2023,3.3,18-30,M,13
2023,3.3,18-30,F,0
2023,3.3,31-40,M,4
2023,3.3,31-40,F,0
2023,3.3,41-64,M,5
2023,3.3,41-64,F,2
2023,3.3,65+,M,1
2023,3.3,65+,F,0
2023,3.4,14-17,M,9
2023,3.4,14-17,F,0
2023,3.4,18-30,M,33
2023,3.4,18-30,F,2
2023,3.4,31-40,M,17
2023,3.4,31-40,F,1
2023,3.4,41-64,M,33
2023,3.4,41-64,F,0
2023,3.4,65+,M,6
2023,3.4,65+,F,0
2023,3.5,14-17,M,7
2023,3.5,14-17,F,0
2023,3.5,18-30,M,58
2023,3.5,18-30,F,16
2023,3.5,31-40,M,50
2023,3.5,31-40,F,10
2023,3.5,41-64,M,90
2023,3.5,41-64,F,19
2023,3.5,65+,M,12
2023,3.5,65+,F,1
2023,4,14-17,M,0
2023,4,14-17,F,0
2023,4,18-30,M,19
2023,4,18-30,F,28
2023,4,31-40,M,32
2023,4,31-40,F,26
2023,4,41-64,M,47
2023,4,41-64,F,29
2023,4,65+,M,2
2023,4,65+,F,0
2023,5,14-17,M,1772
2023,5,14-17,F,530
2023,5,18-30,M,12128
2023,5,18-30,F,4048
2023,5,31-40,M,7477
2023,5,31-40,F,2466
2023,5,41-64,M,7511
2023,5,41-64,F,3119
2023,5,65+,M,455
2023,5,65+,F,256
2023,5.1,14-17,M,507
2023,5.1,14-17,F,421
2023,5.1,18-30,M,5587
2023,5.1,18-30,F,2984
2023,5.1,31-40,M,4007
2023,5.1,31-40,F,1809
2023,5.1,41-64,M,4325
2023,5.1,41-64,F,2435
2023,5.1,65+,M,335
2023,5.1,65+,F,228
2023,5.2,14-17,M,244
2023,5.2,14-17,F,9
2023,5.2,18-30,M,1686
2023,5.2,18-30,F,106
2023,5.2,31-40,M,1173
2023,5.2,31-40,F,72
2023,5.2,41-64,M,983
2023,5.2,41-64,F,74
2023,5.2,65+,M,20
2023,5.2,65+,F,1
2023,5.2.1,14-17,M,92
2023,5.2.1,14-17,F,1
2023,5.2.1,18-30,M,510
2023,5.2.1,18-30,F,23
2023,5.2.1,31-40,M,314
2023,5.2.1,31-40,F,21
2023,5.2.1,41-64,M,346
2023,5.2.1,41-64,F,18
2023,5.2.1,65+,M,3
2023,5.2.1,65+,F,0
2023,5.2.2,14-17,M,70
2023,5.2.2,14-17,F,6
2023,5.2.2,18-30,M,393
2023,5.2.2,18-30,F,47
2023,5.2.2,31-40,M,235
2023,5.2.2,31-40,F,20
2023,5.2.2,41-64,M,167
2023,5.2.2,41-64,F,20
2023,5.2.2,65+,M,5
2023,5.2.2,65+,F,1
2023,5.2.3,14-17,M,40
2023,5.2.3,14-17,F,2
2023,5.2.3,18-30,M,481
2023,5.2.3,18-30,F,23
2023,5.2.3,31-40,M,392
2023,5.2.3,31-40,F,16
2023,5.2.3,41-64,M,270
2023,5.2.3,41-64,F,20
2023,5.2.3,65+,M,5
2023,5.2.3,65+,F,0
2023,5.3,14-17,M,776
2023,5.3,14-17,F,55
2023,5.3,18-30,M,2298
2023,5.3,18-30,F,209
2023,5.3,31-40,M,785
2023,5.3,31-40,F,136
2023,5.3,41-64,M,569
2023,5.3,41-64,F,121
2023,5.3,65+,M,16
2023,5.3,65+,F,3
2023,5.3.1,14-17,M,539
2023,5.3.1,14-17,F,30
2023,5.3.1,18-30,M,1585
2023,5.3.1,18-30,F,123
2023,5.3.1,31-40,M,435
2023,5.3.1,31-40,F,57
2023,5.3.1,41-64,M,246
2023,5.3.1,41-64,F,40
2023,5.3.1,65+,M,5
2023,5.3.1,65+,F,2
2023,5.3.2,14-17,M,18
2023,5.3.2,14-17,F,3
2023,5.3.2,18-30,M,82
2023,5.3.2,18-30,F,11
2023,5.3.2,31-40,M,59
2023,5.3.2,31-40,F,8
2023,5.3.2,41-64,M,31
2023,5.3.2,41-64,F,8
2023,5.3.2,65+,M,0
2023,5.3.2,65+,F,0
2023,5.3.3,14-17,M,62
2023,5.3.3,14-17,F,12
2023,5.3.3,18-30,M,329
2023,5.3.3,18-30,F,59
2023,5.3.3,31-40,M,238
2023,5.3.3,31-40,F,69
2023,5.3.3,41-64,M,239
2023,5.3.3,41-64,F,64
2023,5.3.3,65+,M,9
2023,5.3.3,65+,F,1
2023,5.4,14-17,M,43
2023,5.4,14-17,F,3
2023,5.4,18-30,M,190
2023,5.4,18-30,F,21
2023,5.4,31-40,M,200
2023,5.4,31-40,F,14
2023,5.4,41-64,M,156
2023,5.4,41-64,F,13
2023,5.4,65+,M,3
2023,5.4,65+,F,0
2023,5.5,14-17,M,35
2023,5.5,14-17,F,18
2023,5.5,18-30,M,1133
2023,5.5,18-30,F,381
2023,5.5,31-40,M,547
2023,5.5,31-40,F,209
2023,5.5,41-64,M,715
2023,5.5,41-64,F,257
2023,5.5,65+,M,28
2023,5.5,65+,F,17
2023,5.5.1,14-17,M,18
2023,5.5.1,14-17,F,7
2023,5.5.1,18-30,M,653
2023,5.5.1,18-30,F,247
2023,5.5.1,31-40,M,247
2023,5.5.1,31-40,F,91
2023,5.5.1,41-64,M,235
2023,5.5.1,41-64,F,107
2023,5.5.1,65+,M,14
2023,5.5.1,65+,F,9
2023,5.6,14-17,M,96
2023,5.6,14-17,F,10
2023,5.6,18-30,M,469
2023,5.6,18-30,F,50
2023,5.6,31-40,M,224
2023,5.6,31-40,F,37
2023,5.6,41-64,M,237
2023,5.6,41-64,F,39
2023,5.6,65+,M,24
2023,5.6,65+,F,3
2023,5.7,14-17,M,3
2023,5.7,14-17,F,0
2023,5.7,18-30,M,22
2023,5.7,18-30,F,2
2023,5.7,31-40,M,29
2023,5.7,31-40,F,7
2023,5.7,41-64,M,50
2023,5.7,41-64,F,0
2023,5.7,65+,M,2
2023,5.7,65+,F,0
2023,5.8,14-17,M,0
2023,5.8,14-17,F,0
2023,5.8,18-30,M,23
2023,5.8,18-30,F,15
2023,5.8,31-40,M,17
2023,5.8,31-40,F,11
2023,5.8,41-64,M,63
2023,5.8,41-64,F,10
2023,5.8,65+,M,3
2023,5.8,65+,F,0
2023,5.9,14-17,M,68
2023,5.9,14-17,F,14
2023,5.9,18-30,M,720
2023,5.9,18-30,F,280
2023,5.9,31-40,M,495
2023,5.9,31-40,F,171
2023,5.9,41-64,M,413
2023,5.9,41-64,F,170
2023,5.9,65+,M,24
2023,5.9,65+,F,4
2023,6,14-17,M,171
2023,6,14-17,F,18
2023,6,18-30,M,2925
2023,6,18-30,F,334
2023,6,31-40,M,2266
2023,6,31-40,F,278
2023,6,41-64,M,2598
2023,6,41-64,F,281
2023,6,65+,M,103
2023,6,65+,F,16
2023,6.1,14-17,M,103
2023,6.1,14-17,F,15
2023,6.1,18-30,M,1550
2023,6.1,18-30,F,194
2023,6.1,31-40,M,974
2023,6.1,31-40,F,141
2023,6.1,41-64,M,930
2023,6.1,41-64,F,145
2023,6.1,65+,M,28
2023,6.1,65+,F,7
2023,6.2,14-17,M,50
2023,6.2,14-17,F,2
2023,6.2,18-30,M,1326
2023,6.2,18-30,F,114
2023,6.2,31-40,M,1248
2023,6.2,31-40,F,120
2023,6.2,41-64,M,1605
2023,6.2,41-64,F,121
2023,6.2,65+,M,74
2023,6.2,65+,F,8
2023,6.3,14-17,M,18
2023,6.3,14-17,F,1
2023,6.3,18-30,M,49
2023,6.3,18-30,F,26
2023,6.3,31-40,M,44
2023,6.3,31-40,F,17
2023,6.3,41-64,M,63
2023,6.3,41-64,F,15
2023,6.3,65+,M,1
2023,6.3,65+,F,1
2023,7,14-17,M,52
2023,7,14-17,F,22
2023,7,18-30,M,885
2023,7,18-30,F,147
2023,7,31-40,M,648
2023,7,31-40,F,172
2023,7,41-64,M,598
2023,7,41-64,F,168
2023,7,65+,M,15
2023,7,65+,F,4
2023,8,14-17,M,0
2023,8,14-17,F,1
2023,8,18-30,M,4
2023,8,18-30,F,0
2023,8,31-40,M,2
2023,8,31-40,F,1
2023,8,41-64,M,22
2023,8,41-64,F,3
2023,8,65+,M,7
2023,8,65+,F,0
2023,9,14-17,M,27
2023,9,14-17,F,8
2023,9,18-30,M,1167
2023,9,18-30,F,112
2023,9,31-40,M,1082
2023,9,31-40,F,109
2023,9,41-64,M,1318
2023,9,41-64,F,209
2023,9,65+,M,86
2023,9,65+,F,13
2023,10,14-17,M,264
2023,10,14-17,F,35
2023,10,18-30,M,2059
2023,10,18-30,F,390
2023,10,31-40,M,1074
2023,10,31-40,F,246
2023,10,41-64,M,1154
2023,10,41-64,F,307
2023,10,65+,M,62
2023,10,65+,F,14
2023,11,14-17,M,1
2023,11,14-17,F,0
2023,11,18-30,M,10
2023,11,18-30,F,1
2023,11,31-40,M,17
2023,11,31-40,F,3
2023,11,41-64,M,20
2023,11,41-64,F,6
2023,11,65+,M,1
2023,11,65+,F,2
2023,12,14-17,M,4
2023,12,14-17,F,4
2023,12,18-30,M,103
2023,12,18-30,F,25
2023,12,31-40,M,107
2023,12,31-40,F,38
2023,12,41-64,M,311
2023,12,41-64,F,100
2023,12,65+,M,38
2023,12,65+,F,6
2023,TOTAL,14-17,M,3538
2023,TOTAL,14-17,F,930
2023,TOTAL,18-30,M,27638
2023,TOTAL,18-30,F,6885
2023,TOTAL,31-40,M,19747
2023,TOTAL,31-40,F,4905
2023,TOTAL,41-64,M,22365
2023,TOTAL,41-64,F,6067
2023,TOTAL,65+,M,1401
2023,TOTAL,65+,F,413
2024,1,14-17,M,788
2024,1,14-17,F,192
2024,1,18-30,M,6524
2024,1,18-30,F,1557
2024,1,31-40,M,5299
2024,1,31-40,F,1324
2024,1,41-64,M,6229
2024,1,41-64,F,1429
2024,1,65+,M,406
2024,1,65+,F,63
2024,1.1,14-17,M,39
2024,1.1,14-17,F,1
2024,1.1,18-30,M,122
2024,1.1,18-30,F,7
2024,1.1,31-40,M,34
2024,1.1,31-40,F,3
2024,1.1,41-64,M,37
2024,1.1,41-64,F,6
2024,1.1,65+,M,9
2024,1.1,65+,F,0
2024,1.1.1,14-17,M,1
2024,1.1.1,14-17,F,0
2024,1.1.1,18-30,M,9
2024,1.1.1,18-30,F,1
2024,1.1.1,31-40,M,5
2024,1.1.1,31-40,F,0
2024,1.1.1,41-64,M,6
2024,1.1.1,41-64,F,2
2024,1.1.1,65+,M,2
2024,1.1.1,65+,F,0
2024,1.2,14-17,M,287
2024,1.2,14-17,F,65
2024,1.2,18-30,M,1589
2024,1.2,18-30,F,236
2024,1.2,31-40,M,849
2024,1.2,31-40,F,186
2024,1.2,41-64,M,1030
2024,1.2,41-64,F,230
2024,1.2,65+,M,72
2024,1.2,65+,F,12
2024,1.3,14-17,M,347
2024,1.3,14-17,F,117
2024,1.3,18-30,M,4133
2024,1.3,18-30,F,1226
2024,1.3,31-40,M,4193
2024,1.3,31-40,F,1096
2024,1.3,41-64,M,4989
2024,1.3,41-64,F,1154
2024,1.3,65+,M,316
2024,1.3,65+,F,46
2024,1.4,14-17,M,115
2024,1.4,14-17,F,9
2024,1.4,18-30,M,680
2024,1.4,18-30,F,88
2024,1.4,31-40,M,223
2024,1.4,31-40,F,39
2024,1.4,41-64,M,173
2024,1.4,41-64,F,39
2024,1.4,65+,M,9
2024,1.4,65+,F,5
2024,2,14-17,M,388
2024,2,14-17,F,57
2024,2,18-30,M,1839
2024,2,18-30,F,306
2024,2,31-40,M,1555
2024,2,31-40,F,324
2024,2,41-64,M,2292
2024,2,41-64,F,515
2024,2,65+,M,159
2024,2,65+,F,47
2024,2.1,14-17,M,25
2024,2.1,14-17,F,5
2024,2.1,18-30,M,199
2024,2.1,18-30,F,25
2024,2.1,31-40,M,225
2024,2.1,31-40,F,35
2024,2.1,41-64,M,373
2024,2.1,41-64,F,45
2024,2.1,65+,M,30
2024,2.1,65+,F,3
2024,2.2,14-17,M,363
2024,2.2,14-17,F,52
2024,2.2,18-30,M,1640
2024,2.2,18-30,F,281
2024,2.2,31-40,M,1330
2024,2.2,31-40,F,289
2024,2.2,41-64,M,1919
2024,2.2,41-64,F,470
2024,2.2,65+,M,129
2024,2.2,65+,F,44
2024,3,14-17,M,132
2024,3,14-17,F,4
2024,3,18-30,M,620
2024,3,18-30,F,21
2024,3,31-40,M,437
2024,3,31-40,F,34
2024,3,41-64,M,692
2024,3,41-64,F,35
2024,3,65+,M,101
2024,3,65+,F,1
2024,3.1,14-17,M,59
2024,3.1,14-17,F,1
2024,3.1,18-30,M,343
2024,3.1,18-30,F,1
2024,3.1,31-40,M,234
2024,3.1,31-40,F,9
2024,3.1,41-64,M,420
2024,3.1,41-64,F,3
2024,3.1,65+,M,77
2024,3.1,65+,F,1
2024,3.2,14-17,M,41
2024,3.2,14-17,F,0
2024,3.2,18-30,M,190
2024,3.2,18-30,F,0
2024,3.2,31-40,M,131
2024,3.2,31-40,F,1
2024,3.2,41-64,M,137
2024,3.2,41-64,F,0
2024,3.2,65+,M,4
2024,3.2,65+,F,0
2024,3.3,14-17,M,9
2024,3.3,14-17,F,0
2024,3.3,18-30,M,4
2024,3.3,18-30,F,1
2024,3.3,31-40,M,3
2024,3.3,31-40,F,2
2024,3.3,41-64,M,6
2024,3.3,41-64,F,1
2024,3.3,65+,M,0
2024,3.3,65+,F,0
2024,3.4,14-17,M,14
2024,3.4,14-17,F,1
2024,3.4,18-30,M,31
2024,3.4,18-30,F,1
2024,3.4,31-40,M,19
2024,3.4,31-40,F,2
2024,3.4,41-64,M,37
2024,3.4,41-64,F,7
2024,3.4,65+,M,5
2024,3.4,65+,F,0
2024,3.5,14-17,M,9
2024,3.5,14-17,F,2
2024,3.5,18-30,M,52
2024,3.5,18-30,F,18
2024,3.5,31-40,M,50
2024,3.5,31-40,F,20
2024,3.5,41-64,M,92
2024,3.5,41-64,F,24
2024,3.5,65+,M,15
2024,3.5,65+,F,0
2024,4,14-17,M,0
2024,4,14-17,F,1
2024,4,18-30,M,11
2024,4,18-30,F,21
2024,4,31-40,M,32
2024,4,31-40,F,42
2024,4,41-64,M,39
2024,4,41-64,F,26
2024,4,65+,M,2
2024,4,65+,F,0
2024,5,14-17,M,1700
2024,5,14-17,F,392
2024,5,18-30,M,12841
2024,5,18-30,F,3704
2024,5,31-40,M,8090
2024,5,31-40,F,2576
2024,5,41-64,M,8291
2024,5,41-64,F,3073
2024,5,65+,M,506
2024,5,65+,F,301
2024,5.1,14-17,M,490
2024,5.1,14-17,F,321
2024,5.1,18-30,M,5733
2024,5.1,18-30,F,2574
2024,5.1,31-40,M,4252
2024,5.1,31-40,F,1904
2024,5.1,41-64,M,4757
2024,5.1,41-64,F,2374
2024,5.1,65+,M,377
2024,5.1,65+,F,264
2024,5.2,14-17,M,278
2024,5.2,14-17,F,17
2024,5.2,18-30,M,1542
2024,5.2,18-30,F,111
2024,5.2,31-40,M,1324
2024,5.2,31-40,F,89
2024,5.2,41-64,M,1002
2024,5.2,41-64,F,71
2024,5.2,65+,M,17
2024,5.2,65+,F,2
2024,5.2.1,14-17,M,93
2024,5.2.1,14-17,F,7
2024,5.2.1,18-30,M,526
2024,5.2.1,18-30,F,12
2024,5.2.1,31-40,M,407
2024,5.2.1,31-40,F,30
2024,5.2.1,41-64,M,390
2024,5.2.1,41-64,F,26
2024,5.2.1,65+,M,11
2024,5.2.1,65+,F,0
2024,5.2.2,14-17,M,50
2024,5.2.2,14-17,F,3
2024,5.2.2,18-30,M,358
2024,5.2.2,18-30,F,51
2024,5.2.2,31-40,M,252
2024,5.2.2,31-40,F,27
2024,5.2.2,41-64,M,166
2024,5.2.2,41-64,F,21
2024,5.2.2,65+,M,3
2024,5.2.2,65+,F,2
2024,5.2.3,14-17,M,76
2024,5.2.3,14-17,F,5
2024,5.2.3,18-30,M,382
2024,5.2.3,18-30,F,30
2024,5.2.3,31-40,M,417
2024,5.2.3,31-40,F,20
2024,5.2.3,41-64,M,259
2024,5.2.3,41-64,F,12
2024,5.2.3,65+,M,0
2024,5.2.3,65+,F,0
2024,5.3,14-17,M,680
2024,5.3,14-17,F,39
2024,5.3,18-30,M,2205
2024,5.3,18-30,F,191
2024,5.3,31-40,M,838
2024,5.3,31-40,F,113
2024,5.3,41-64,M,657
2024,5.3,41-64,F,101
2024,5.3,65+,M,14
2024,5.3,65+,F,3
2024,5.3.1,14-17,M,504
2024,5.3.1,14-17,F,20
2024,5.3.1,18-30,M,1614
2024,5.3.1,18-30,F,78
2024,5.3.1,31-40,M,476
2024,5.3.1,31-40,F,44
2024,5.3.1,41-64,M,306
2024,5.3.1,41-64,F,35
2024,5.3.1,65+,M,5
2024,5.3.1,65+,F,3
2024,5.3.2,14-17,M,10
2024,5.3.2,14-17,F,0
2024,5.3.2,18-30,M,55
2024,5.3.2,18-30,F,11
2024,5.3.2,31-40,M,44
2024,5.3.2,31-40,F,6
2024,5.3.2,41-64,M,34
2024,5.3.2,41-64,F,5
2024,5.3.2,65+,M,0
2024,5.3.2,65+,F,0
2024,5.3.3,14-17,M,63
2024,5.3.3,14-17,F,12
2024,5.3.3,18-30,M,330
2024,5.3.3,18-30,F,79
2024,5.3.3,31-40,M,259
2024,5.3.3,31-40,F,58
2024,5.3.3,41-64,M,268
2024,5.3.3,41-64,F,53
2024,5.3.3,65+,M,7
2024,5.3.3,65+,F,0
2024,5.4,14-17,M,41
2024,5.4,14-17,F,1
2024,5.4,18-30,M,170
2024,5.4,18-30,F,15
2024,5.4,31-40,M,190
2024,5.4,31-40,F,21
2024,5.4,41-64,M,206
2024,5.4,41-64,F,18
2024,5.4,65+,M,8
2024,5.4,65+,F,1
2024,5.5,14-17,M,47
2024,5.5,14-17,F,6
2024,5.5,18-30,M,1576
2024,5.5,18-30,F,506
2024,5.5,31-40,M,706
2024,5.5,31-40,F,267
2024,5.5,41-64,M,846
2024,5.5,41-64,F,285
2024,5.5,65+,M,46
2024,5.5,65+,F,19
2024,5.5.1,14-17,M,11
2024,5.5.1,14-17,F,2
2024,5.5.1,18-30,M,1005
2024,5.5.1,18-30,F,320
2024,5.5.1,31-40,M,272
2024,5.5.1,31-40,F,143
2024,5.5.1,41-64,M,331
2024,5.5.1,41-64,F,143
2024,5.5.1,65+,M,24
2024,5.5.1,65+,F,4
2024,5.6,14-17,M,109
2024,5.6,14-17,F,5
2024,5.6,18-30,M,765
2024,5.6,18-30,F,56
2024,5.6,31-40,M,265
2024,5.6,31-40,F,34
2024,5.6,41-64,M,259
2024,5.6,41-64,F,52
2024,5.6,65+,M,17
2024,5.6,65+,F,1
2024,5.7,14-17,M,0
2024,5.7,14-17,F,0
2024,5.7,18-30,M,87
2024,5.7,18-30,F,1
2024,5.7,31-40,M,63
2024,5.7,31-40,F,9
2024,5.7,41-64,M,81
2024,5.7,41-64,F,7
2024,5.7,65+,M,2
2024,5.7,65+,F,1
2024,5.8,14-17,M,1
2024,5.8,14-17,F,0
2024,5.8,18-30,M,22
2024,5.8,18-30,F,9
2024,5.8,31-40,M,26
2024,5.8,31-40,F,12
2024,5.8,41-64,M,62
2024,5.8,41-64,F,21
2024,5.8,65+,M,2
2024,5.8,65+,F,0
2024,5.9,14-17,M,54
2024,5.9,14-17,F,3
2024,5.9,18-30,M,741
2024,5.9,18-30,F,241
2024,5.9,31-40,M,426
2024,5.9,31-40,F,127
2024,5.9,41-64,M,421
2024,5.9,41-64,F,144
2024,5.9,65+,M,23
2024,5.9,65+,F,10
2024,6,14-17,M,148
2024,6,14-17,F,10
2024,6,18-30,M,3305
2024,6,18-30,F,413
2024,6,31-40,M,2357
2024,6,31-40,F,263
2024,6,41-64,M,2679
2024,6,41-64,F,326
2024,6,65+,M,119
2024,6,65+,F,22
2024,6.1,14-17,M,82
2024,6.1,14-17,F,4
2024,6.1,18-30,M,1750
2024,6.1,18-30,F,250
2024,6.1,31-40,M,1017
2024,6.1,31-40,F,134
2024,6.1,41-64,M,956
2024,6.1,41-64,F,159
2024,6.1,65+,M,44
2024,6.1,65+,F,15
2024,6.2,14-17,M,58
2024,6.2,14-17,F,4
2024,6.2,18-30,M,1398
2024,6.2,18-30,F,130
2024,6.2,31-40,M,1250
2024,6.2,31-40,F,108
2024,6.2,41-64,M,1621
2024,6.2,41-64,F,146
2024,6.2,65+,M,70
2024,6.2,65+,F,6
2024,6.3,14-17,M,8
2024,6.3,14-17,F,2
2024,6.3,18-30,M,157
2024,6.3,18-30,F,33
2024,6.3,31-40,M,90
2024,6.3,31-40,F,21
2024,6.3,41-64,M,102
2024,6.3,41-64,F,21
2024,6.3,65+,M,5
2024,6.3,65+,F,1
2024,7,14-17,M,46
2024,7,14-17,F,14
2024,7,18-30,M,969
2024,7,18-30,F,171
2024,7,31-40,M,633
2024,7,31-40,F,160
2024,7,41-64,M,526
2024,7,41-64,F,173
2024,7,65+,M,26
2024,7,65+,F,5
2024,8,14-17,M,0
2024,8,14-17,F,0
2024,8,18-30,M,3
2024,8,18-30,F,0
2024,8,31-40,M,5
2024,8,31-40,F,1
2024,8,41-64,M,25
2024,8,41-64,F,5
2024,8,65+,M,1
2024,8,65+,F,1
2024,9,14-17,M,14
2024,9,14-17,F,5
2024,9,18-30,M,1104
2024,9,18-30,F,102
2024,9,31-40,M,1231
2024,9,31-40,F,99
2024,9,41-64,M,1425
2024,9,41-64,F,183
2024,9,65+,M,90
2024,9,65+,F,14
2024,10,14-17,M,249
2024,10,14-17,F,28
2024,10,18-30,M,1819
2024,10,18-30,F,330
2024,10,31-40,M,1211
2024,10,31-40,F,240
2024,10,41-64,M,1211
2024,10,41-64,F,322
2024,10,65+,M,66
2024,10,65+,F,14
2024,11,14-17,M,0
2024,11,14-17,F,0
2024,11,18-30,M,17
2024,11,18-30,F,4
2024,11,31-40,M,23
2024,11,31-40,F,7
2024,11,41-64,M,30
2024,11,41-64,F,9
2024,11,65+,M,3
2024,11,65+,F,2
2024,12,14-17,M,16
2024,12,14-17,F,3
2024,12,18-30,M,85
2024,12,18-30,F,18
2024,12,31-40,M,150
2024,12,31-40,F,38
2024,12,41-64,M,357
2024,12,41-64,F,71
2024,12,65+,M,53
2024,12,65+,F,12
2024,TOTAL,14-17,M,3481
2024,TOTAL,14-17,F,706
2024,TOTAL,18-30,M,29137
2024,TOTAL,18-30,F,6647
2024,TOTAL,31-40,M,21023
2024,TOTAL,31-40,F,5108
2024,TOTAL,41-64,M,23796
2024,TOTAL,41-64,F,6167
2024,TOTAL,65+,M,1532
2024,TOTAL,65+,F,482
